program_id,ts_minute,batches_created,pieces_processed,weight_processed_g
2,2025-06-05T05:59:00Z,0,26,3558
2,2025-06-05T06:00:00Z,3,114,15207
2,2025-06-05T06:01:00Z,3,129,16796
2,2025-06-05T06:02:00Z,4,137,17424
2,2025-06-05T06:03:00Z,4,139,18209
2,2025-06-05T06:04:00Z,3,145,18819
2,2025-06-05T06:05:00Z,5,124,15779
2,2025-06-05T06:06:00Z,3,142,18200
2,2025-06-05T06:07:00Z,4,137,17512
2,2025-06-05T06:08:00Z,3,103,13059
2,2025-06-05T06:09:00Z,1,29,3436
2,2025-06-05T06:10:00Z,2,85,10986
2,2025-06-05T06:11:00Z,3,118,15373
2,2025-06-05T06:12:00Z,3,124,16194
2,2025-06-05T06:13:00Z,4,133,19350
2,2025-06-05T06:14:00Z,4,147,20514
2,2025-06-05T06:15:00Z,3,143,18912
2,2025-06-05T06:16:00Z,5,147,19409
2,2025-06-05T06:17:00Z,4,140,18939
2,2025-06-05T06:18:00Z,5,146,22529
2,2025-06-05T06:19:00Z,4,137,21645
2,2025-06-05T06:20:00Z,6,126,19989
2,2025-06-05T06:21:00Z,4,137,22444
2,2025-06-05T06:22:00Z,4,145,23844
2,2025-06-05T06:23:00Z,6,139,22254
2,2025-06-05T06:24:00Z,4,136,21736
2,2025-06-05T06:25:00Z,6,133,21599
2,2025-06-05T06:26:00Z,3,123,18854
2,2025-06-05T06:27:00Z,6,142,22625
2,2025-06-05T06:28:00Z,6,134,22099
2,2025-06-05T06:29:00Z,3,133,21704
2,2025-06-05T06:30:00Z,5,129,21085
2,2025-06-05T06:31:00Z,5,139,23038
2,2025-06-05T06:32:00Z,6,143,23905
2,2025-06-05T06:33:00Z,6,143,23337
2,2025-06-05T06:34:00Z,3,123,19800
2,2025-06-05T06:35:00Z,3,122,19355
2,2025-06-05T06:36:00Z,6,128,20760
2,2025-06-05T06:37:00Z,4,132,21192
2,2025-06-05T06:38:00Z,4,132,21217
2,2025-06-05T06:39:00Z,6,116,18969
2,2025-06-05T06:40:00Z,4,139,22723
2,2025-06-05T06:41:00Z,5,139,22494
2,2025-06-05T06:42:00Z,5,136,22201
2,2025-06-05T06:43:00Z,4,136,21926
2,2025-06-05T06:44:00Z,6,147,23951
2,2025-06-05T06:45:00Z,6,144,23412
2,2025-06-05T06:46:00Z,4,138,22561
2,2025-06-05T06:47:00Z,4,145,23509
2,2025-06-05T06:48:00Z,6,139,22765
2,2025-06-05T06:49:00Z,6,141,22672
2,2025-06-05T06:50:00Z,4,145,23234
2,2025-06-05T06:51:00Z,6,145,23104
2,2025-06-05T06:52:00Z,5,142,22819
2,2025-06-05T06:53:00Z,3,128,20463
2,2025-06-05T06:54:00Z,4,134,21363
2,2025-06-05T06:55:00Z,5,138,22204
2,2025-06-05T06:56:00Z,4,83,13346
2,2025-06-05T06:57:00Z,4,139,22498
2,2025-06-05T06:58:00Z,7,140,20583
2,2025-06-05T06:59:00Z,3,136,19514
2,2025-06-05T07:00:00Z,5,141,18602
2,2025-06-05T07:01:00Z,2,140,18857
2,2025-06-05T07:02:00Z,5,134,17947
2,2025-06-05T07:03:00Z,3,134,19010
2,2025-06-05T07:04:00Z,5,136,19061
2,2025-06-05T07:05:00Z,3,136,19838
2,2025-06-05T07:06:00Z,5,137,19558
2,2025-06-05T07:07:00Z,4,138,19912
2,2025-06-05T07:08:00Z,3,137,19634
2,2025-06-05T07:09:00Z,4,128,18543
2,2025-06-05T07:10:00Z,3,132,19023
2,2025-06-05T07:11:00Z,4,121,17099
2,2025-06-05T07:12:00Z,5,130,18637
2,2025-06-05T07:13:00Z,3,132,19060
2,2025-06-05T07:14:00Z,5,131,18883
2,2025-06-05T07:15:00Z,3,136,19708
2,2025-06-05T07:16:00Z,4,134,19392
2,2025-06-05T07:17:00Z,5,134,19334
2,2025-06-05T07:18:00Z,4,148,21209
2,2025-06-05T07:19:00Z,4,139,20158
2,2025-06-05T07:20:00Z,4,140,21673
2,2025-06-05T07:21:00Z,5,132,21149
2,2025-06-05T07:22:00Z,5,138,22160
2,2025-06-05T07:23:00Z,5,139,22220
2,2025-06-05T07:24:00Z,5,142,22951
2,2025-06-05T07:25:00Z,5,143,22669
2,2025-06-05T07:26:00Z,4,134,20532
2,2025-06-05T07:27:00Z,3,125,19152
2,2025-06-05T07:28:00Z,6,137,21121
2,2025-06-05T07:29:00Z,5,140,22554
2,2025-06-05T07:30:00Z,5,143,23187
2,2025-06-05T07:31:00Z,5,138,22168
2,2025-06-05T07:32:00Z,3,126,20595
2,2025-06-05T07:33:00Z,6,130,21755
2,2025-06-05T07:34:00Z,4,131,22640
2,2025-06-05T07:35:00Z,6,126,21538
2,2025-06-05T07:36:00Z,5,136,23603
2,2025-06-05T07:37:00Z,4,123,21316
2,2025-06-05T07:38:00Z,5,126,21024
2,2025-06-05T07:39:00Z,4,132,22819
2,2025-06-05T07:40:00Z,4,126,22100
2,2025-06-05T07:41:00Z,7,140,24741
2,2025-06-05T07:42:00Z,7,138,24528
2,2025-06-05T07:43:00Z,4,138,24451
2,2025-06-05T07:44:00Z,5,135,24061
2,2025-06-05T07:45:00Z,6,135,24086
2,2025-06-05T07:46:00Z,4,140,25221
2,2025-06-05T07:47:00Z,6,142,25229
2,2025-06-05T07:48:00Z,4,140,24711
2,2025-06-05T07:49:00Z,7,140,25076
2,2025-06-05T07:50:00Z,5,125,22039
2,2025-06-05T07:51:00Z,5,132,23506
2,2025-06-05T07:52:00Z,6,135,23860
2,2025-06-05T07:53:00Z,4,123,21621
2,2025-06-05T07:54:00Z,5,139,24238
2,2025-06-05T07:55:00Z,4,134,23790
2,2025-06-05T07:56:00Z,6,141,27840
2,2025-06-05T07:57:00Z,7,143,28559
2,2025-06-05T07:58:00Z,6,142,28685
2,2025-06-05T07:59:00Z,5,138,27417
2,2025-06-05T08:00:00Z,7,136,27228
2,2025-06-05T08:01:00Z,5,136,27384
2,2025-06-05T08:02:00Z,5,135,27751
2,2025-06-05T08:03:00Z,5,141,29733
2,2025-06-05T08:04:00Z,7,124,25591
2,2025-06-05T08:05:00Z,6,138,28335
2,2025-06-05T08:06:00Z,6,134,27451
2,2025-06-05T08:07:00Z,3,133,27854
2,2025-06-05T08:08:00Z,9,134,27511
2,2025-06-05T08:09:00Z,5,134,27706
2,2025-06-05T08:10:00Z,5,129,26660
2,2025-06-05T08:11:00Z,5,147,29968
2,2025-06-05T08:12:00Z,5,128,25768
2,2025-06-05T08:13:00Z,7,116,23090
2,2025-06-05T08:14:00Z,5,115,23121
2,2025-06-05T08:15:00Z,5,132,26708
2,2025-06-05T08:16:00Z,5,133,26424
2,2025-06-05T08:17:00Z,7,144,28928
2,2025-06-05T08:18:00Z,6,139,27377
2,2025-06-05T08:19:00Z,6,142,28810
2,2025-06-05T08:20:00Z,5,128,25922
2,2025-06-05T08:21:00Z,6,149,29632
2,2025-06-05T08:22:00Z,6,141,27726
2,2025-06-05T08:23:00Z,5,145,28678
2,2025-06-05T08:24:00Z,7,142,27928
2,2025-06-05T08:25:00Z,4,148,28565
2,2025-06-05T08:26:00Z,5,145,28304
2,2025-06-05T08:27:00Z,5,123,25201
2,2025-06-05T08:28:00Z,6,143,28408
2,2025-06-05T08:29:00Z,6,117,21687
2,2025-06-05T08:30:00Z,6,93,16060
2,2025-06-05T08:31:00Z,2,109,18660
2,2025-06-05T08:32:00Z,4,113,19089
2,2025-06-05T08:33:00Z,6,123,20767
2,2025-06-05T08:34:00Z,4,119,19707
2,2025-06-05T08:35:00Z,4,120,19766
2,2025-06-05T08:36:00Z,4,132,21667
2,2025-06-05T08:37:00Z,6,128,21581
2,2025-06-05T08:38:00Z,4,134,22338
2,2025-06-05T08:39:00Z,6,126,21049
2,2025-06-05T08:40:00Z,4,136,23048
2,2025-06-05T08:41:00Z,4,122,20799
2,2025-06-05T08:42:00Z,7,128,21475
2,2025-06-05T08:43:00Z,5,134,22514
2,2025-06-05T08:44:00Z,4,141,22826
2,2025-06-05T08:45:00Z,5,129,20056
2,2025-06-05T08:46:00Z,3,129,19607
2,2025-06-05T08:47:00Z,4,105,15539
2,2025-06-05T08:48:00Z,4,92,13182
2,2025-06-05T08:49:00Z,2,100,14458
2,2025-06-05T08:50:00Z,2,26,3800
3,2025-06-05T08:51:00Z,0,61,9536
3,2025-06-05T08:52:00Z,4,127,19464
3,2025-06-05T08:53:00Z,5,112,17506
3,2025-06-05T08:54:00Z,5,120,18578
3,2025-06-05T08:55:00Z,3,128,19234
3,2025-06-05T08:56:00Z,5,120,18025
3,2025-06-05T08:57:00Z,4,121,17818
3,2025-06-05T08:58:00Z,4,110,16246
3,2025-06-05T08:59:00Z,4,123,18338
3,2025-06-05T09:00:00Z,4,130,19670
3,2025-06-05T09:01:00Z,6,133,20426
3,2025-06-05T09:02:00Z,4,119,18615
3,2025-06-05T09:03:00Z,4,129,20439
3,2025-06-05T09:04:00Z,4,129,20625
3,2025-06-05T09:05:00Z,6,130,21795
3,2025-06-05T09:06:00Z,4,107,17198
3,2025-06-05T09:07:00Z,5,125,20161
3,2025-06-05T09:08:00Z,5,134,21673
3,2025-06-05T09:09:00Z,3,126,20434
3,2025-06-05T09:10:00Z,5,132,20583
3,2025-06-05T09:11:00Z,4,119,18549
3,2025-06-05T09:12:00Z,4,105,16653
3,2025-06-05T09:13:00Z,6,128,20466
3,2025-06-05T09:14:00Z,5,140,22864
3,2025-06-05T09:15:00Z,5,140,22464
3,2025-06-05T09:16:00Z,5,133,21627
3,2025-06-05T09:17:00Z,5,129,21705
3,2025-06-05T09:18:00Z,3,119,21411
3,2025-06-05T09:19:00Z,4,123,21817
3,2025-06-05T09:20:00Z,5,97,17824
3,2025-06-05T09:21:00Z,4,136,25857
3,2025-06-05T09:22:00Z,7,121,22940
3,2025-06-05T09:23:00Z,4,130,24590
3,2025-06-05T09:24:00Z,5,128,24519
3,2025-06-05T09:25:00Z,4,133,25448
3,2025-06-05T09:26:00Z,7,131,24970
3,2025-06-05T09:27:00Z,4,127,24775
3,2025-06-05T09:28:00Z,5,132,25640
3,2025-06-05T09:29:00Z,5,115,23100
3,2025-06-05T09:30:00Z,5,132,30621
3,2025-06-05T09:31:00Z,8,133,30881
3,2025-06-05T09:32:00Z,7,130,29211
3,2025-06-05T09:33:00Z,4,129,29364
3,2025-06-05T09:34:00Z,6,123,27998
3,2025-06-05T09:35:00Z,6,128,28840
3,2025-06-05T09:36:00Z,4,130,29471
3,2025-06-05T09:37:00Z,7,123,27906
3,2025-06-05T09:38:00Z,8,127,28688
3,2025-06-05T09:39:00Z,3,116,25935
3,2025-06-05T09:40:00Z,6,122,27672
3,2025-06-05T09:41:00Z,4,118,27159
3,2025-06-05T09:42:00Z,6,113,25730
3,2025-06-05T09:43:00Z,6,120,27020
3,2025-06-05T09:44:00Z,6,115,25755
3,2025-06-05T09:45:00Z,6,137,30670
3,2025-06-05T09:46:00Z,6,141,31267
3,2025-06-05T09:47:00Z,6,131,28502
3,2025-06-05T09:48:00Z,7,145,32285
3,2025-06-05T09:49:00Z,6,140,31655
3,2025-06-05T09:50:00Z,5,136,30545
3,2025-06-05T09:51:00Z,7,139,31209
3,2025-06-05T09:52:00Z,7,132,29900
3,2025-06-05T09:53:00Z,6,137,30470
3,2025-06-05T09:54:00Z,7,135,30557
3,2025-06-05T09:55:00Z,5,139,31390
3,2025-06-05T09:56:00Z,8,142,31932
3,2025-06-05T09:57:00Z,5,139,31214
3,2025-06-05T09:58:00Z,6,142,31357
3,2025-06-05T09:59:00Z,8,137,30731
3,2025-06-05T10:00:00Z,6,139,30674
3,2025-06-05T10:01:00Z,4,142,31707
3,2025-06-05T10:02:00Z,7,126,28393
3,2025-06-05T10:03:00Z,8,145,32422
3,2025-06-05T10:04:00Z,5,149,32623
3,2025-06-05T10:05:00Z,7,147,32385
3,2025-06-05T10:06:00Z,6,150,32988
3,2025-06-05T10:07:00Z,7,148,31976
3,2025-06-05T10:08:00Z,7,136,30193
3,2025-06-05T10:09:00Z,6,144,32065
3,2025-06-05T10:10:00Z,5,148,33114
3,2025-06-05T10:11:00Z,8,144,32011
3,2025-06-05T10:12:00Z,6,146,31679
3,2025-06-05T10:13:00Z,5,142,31641
3,2025-06-05T10:14:00Z,7,144,31692
3,2025-06-05T10:15:00Z,7,135,30049
3,2025-06-05T10:16:00Z,6,143,31835
3,2025-06-05T10:17:00Z,7,149,33102
3,2025-06-05T10:18:00Z,7,145,32485
3,2025-06-05T10:19:00Z,4,139,30638
3,2025-06-05T10:20:00Z,8,138,31000
3,2025-06-05T10:21:00Z,7,141,31879
3,2025-06-05T10:22:00Z,6,146,32982
3,2025-06-05T10:23:00Z,5,142,32008
3,2025-06-05T10:24:00Z,7,131,29741
3,2025-06-05T10:25:00Z,8,143,32060
3,2025-06-05T10:26:00Z,5,137,31192
3,2025-06-05T10:27:00Z,4,146,32690
3,2025-06-05T10:28:00Z,8,140,31954
3,2025-06-05T10:29:00Z,8,143,32530
3,2025-06-05T10:30:00Z,7,139,31761
3,2025-06-05T10:31:00Z,3,135,30828
3,2025-06-05T10:32:00Z,7,150,33926
3,2025-06-05T10:33:00Z,8,142,32438
3,2025-06-05T10:34:00Z,7,141,32288
3,2025-06-05T10:35:00Z,6,147,33458
3,2025-06-05T10:36:00Z,6,143,32206
3,2025-06-05T10:37:00Z,7,125,27785
3,2025-06-05T10:38:00Z,5,135,30466
3,2025-06-05T10:39:00Z,5,109,24586
3,2025-06-05T10:40:00Z,4,120,27016
3,2025-06-05T10:41:00Z,8,150,34361
3,2025-06-05T10:42:00Z,6,138,31421
3,2025-06-05T10:43:00Z,4,64,14347
3,2025-06-05T10:44:00Z,0,18,3896
3,2025-06-05T10:45:00Z,0,6,1138
3,2025-06-05T10:46:00Z,2,51,11761
3,2025-06-05T10:47:00Z,7,124,28303
3,2025-06-05T10:48:00Z,5,119,26486
3,2025-06-05T10:49:00Z,6,116,20086
3,2025-06-05T10:50:00Z,5,58,9456
4,2025-06-05T10:53:00Z,0,28,6321
4,2025-06-05T10:54:00Z,5,93,23641
4,2025-06-05T10:55:00Z,5,114,29606
4,2025-06-05T10:56:00Z,4,113,29001
4,2025-06-05T10:57:00Z,7,143,37206
4,2025-06-05T10:58:00Z,8,142,37544
4,2025-06-05T10:59:00Z,6,136,36277
4,2025-06-05T11:00:00Z,8,150,38840
4,2025-06-05T11:01:00Z,8,145,36613
4,2025-06-05T11:02:00Z,8,152,39067
4,2025-06-05T11:03:00Z,7,148,38582
4,2025-06-05T11:04:00Z,8,133,34258
4,2025-06-05T11:05:00Z,7,149,38579
4,2025-06-05T11:06:00Z,7,148,38389
4,2025-06-05T11:07:00Z,5,149,38209
4,2025-06-05T11:08:00Z,11,139,35193
4,2025-06-05T11:09:00Z,5,126,32846
4,2025-06-05T11:10:00Z,8,141,36760
4,2025-06-05T11:11:00Z,6,137,35853
4,2025-06-05T11:12:00Z,8,134,34711
4,2025-06-05T11:13:00Z,6,149,39534
4,2025-06-05T11:14:00Z,10,148,38821
4,2025-06-05T11:15:00Z,7,146,38513
4,2025-06-05T11:16:00Z,8,148,38691
4,2025-06-05T11:17:00Z,7,152,40432
4,2025-06-05T11:18:00Z,6,134,34683
4,2025-06-05T11:19:00Z,9,128,33706
4,2025-06-05T11:20:00Z,6,127,33271
4,2025-06-05T11:21:00Z,8,137,35980
4,2025-06-05T11:22:00Z,5,136,35347
4,2025-06-05T11:23:00Z,7,128,34139
4,2025-06-05T11:24:00Z,10,135,35374
4,2025-06-05T11:25:00Z,5,124,32029
4,2025-06-05T11:26:00Z,5,135,35436
4,2025-06-05T11:27:00Z,9,130,34158
4,2025-06-05T11:28:00Z,5,143,36837
4,2025-06-05T11:29:00Z,8,115,30396
4,2025-06-05T11:30:00Z,5,150,38495
4,2025-06-05T11:31:00Z,10,144,37402
4,2025-06-05T11:32:00Z,6,134,33298
4,2025-06-05T11:33:00Z,9,149,38272
4,2025-06-05T11:34:00Z,7,144,36522
4,2025-06-05T11:35:00Z,5,125,32724
4,2025-06-05T11:36:00Z,9,124,31865
4,2025-06-05T11:37:00Z,5,140,35775
4,2025-06-05T11:38:00Z,7,148,37142
4,2025-06-05T11:39:00Z,8,152,39361
4,2025-06-05T11:40:00Z,8,143,36387
4,2025-06-05T11:41:00Z,6,139,34844
4,2025-06-05T11:42:00Z,7,148,38058
4,2025-06-05T11:43:00Z,8,137,34496
4,2025-06-05T11:44:00Z,8,128,32917
4,2025-06-05T11:45:00Z,6,79,19049
5,2025-06-05T11:55:00Z,0,7,2815
5,2025-06-05T11:56:00Z,7,112,40257
5,2025-06-05T11:57:00Z,8,121,42502
5,2025-06-05T11:58:00Z,5,98,34297
5,2025-06-05T11:59:00Z,9,131,46629
5,2025-06-05T12:00:00Z,7,106,37362
5,2025-06-05T12:01:00Z,7,119,37843
5,2025-06-05T12:02:00Z,9,129,39963
5,2025-06-05T12:03:00Z,11,133,41500
5,2025-06-05T12:04:00Z,6,136,42235
5,2025-06-05T12:05:00Z,6,119,36698
5,2025-06-05T12:06:00Z,7,108,32580
5,2025-06-05T12:07:00Z,8,119,36925
5,2025-06-05T12:08:00Z,8,111,33449
5,2025-06-05T12:09:00Z,5,119,36523
5,2025-06-05T12:10:00Z,5,95,27569
5,2025-06-05T12:11:00Z,8,96,29440
5,2025-06-05T12:12:00Z,6,130,41096
5,2025-06-05T12:13:00Z,6,114,34852
5,2025-06-05T12:14:00Z,7,103,31935
5,2025-06-05T12:15:00Z,5,88,26719
5,2025-06-05T12:16:00Z,7,101,31204
5,2025-06-05T12:17:00Z,7,106,31992
5,2025-06-05T12:18:00Z,5,93,27446
5,2025-06-05T12:19:00Z,6,87,25909
5,2025-06-05T12:20:00Z,3,84,24914
5,2025-06-05T12:21:00Z,8,101,30272
5,2025-06-05T12:22:00Z,6,97,28195
5,2025-06-05T12:23:00Z,4,93,27594
5,2025-06-05T12:24:00Z,5,96,27968
5,2025-06-05T12:25:00Z,2,19,5773
5,2025-06-05T12:26:00Z,1,17,4846
5,2025-06-05T12:27:00Z,3,20,5921
5,2025-06-05T12:28:00Z,0,30,8998
5,2025-06-05T12:29:00Z,2,46,13973
5,2025-06-05T12:30:00Z,4,53,15739
5,2025-06-05T12:31:00Z,4,67,20544
5,2025-06-05T12:32:00Z,5,61,19711
5,2025-06-05T12:33:00Z,4,60,18282
5,2025-06-05T12:34:00Z,1,52,15591
5,2025-06-05T12:35:00Z,6,52,15588
5,2025-06-05T12:36:00Z,0,40,11426
5,2025-06-05T12:37:00Z,5,41,12053
5,2025-06-05T12:38:00Z,0,44,12652
5,2025-06-05T12:39:00Z,4,46,13836
5,2025-06-05T12:40:00Z,3,38,11213
5,2025-06-05T12:41:00Z,2,46,13771
5,2025-06-05T12:42:00Z,1,43,12456
5,2025-06-05T12:43:00Z,5,38,10957
5,2025-06-05T12:44:00Z,3,26,7269
6,2025-06-11T06:02:00Z,0,59,9295
6,2025-06-11T06:03:00Z,2,93,15586
6,2025-06-11T06:04:00Z,4,92,15376
6,2025-06-11T06:05:00Z,5,99,16089
6,2025-06-11T06:06:00Z,3,102,17172
6,2025-06-11T06:07:00Z,4,108,18378
6,2025-06-11T06:08:00Z,4,114,18685
6,2025-06-11T06:09:00Z,4,115,17944
6,2025-06-11T06:10:00Z,4,103,16679
6,2025-06-11T06:11:00Z,2,93,15105
6,2025-06-11T06:12:00Z,4,120,19711
6,2025-06-11T06:13:00Z,6,118,19870
6,2025-06-11T06:14:00Z,4,120,19955
6,2025-06-11T06:15:00Z,4,120,19939
6,2025-06-11T06:16:00Z,5,116,19463
6,2025-06-11T06:17:00Z,3,109,18057
6,2025-06-11T06:18:00Z,6,111,18769
6,2025-06-11T06:19:00Z,0,82,13592
6,2025-06-11T06:20:00Z,6,126,20126
6,2025-06-11T06:21:00Z,4,111,18007
6,2025-06-11T06:22:00Z,4,128,21329
6,2025-06-11T06:23:00Z,4,118,18758
6,2025-06-11T06:24:00Z,2,93,15678
6,2025-06-11T06:25:00Z,5,92,15783
6,2025-06-11T06:26:00Z,3,128,22951
6,2025-06-11T06:27:00Z,5,141,26571
6,2025-06-11T06:28:00Z,6,141,25847
6,2025-06-11T06:29:00Z,5,135,25072
6,2025-06-11T06:30:00Z,6,130,23914
6,2025-06-11T06:31:00Z,4,140,26267
6,2025-06-11T06:32:00Z,5,138,25066
6,2025-06-11T06:33:00Z,6,136,24865
6,2025-06-11T06:34:00Z,6,133,24931
6,2025-06-11T06:35:00Z,6,143,26658
6,2025-06-11T06:36:00Z,5,134,25195
6,2025-06-11T06:37:00Z,6,144,27289
6,2025-06-11T06:38:00Z,5,145,27479
6,2025-06-11T06:39:00Z,7,137,25538
6,2025-06-11T06:40:00Z,5,140,26500
6,2025-06-11T06:41:00Z,4,98,18373
6,2025-06-11T06:42:00Z,4,134,25631
6,2025-06-11T06:43:00Z,6,143,27348
6,2025-06-11T06:44:00Z,7,142,27357
6,2025-06-11T06:45:00Z,3,132,25530
6,2025-06-11T06:46:00Z,5,138,27430
6,2025-06-11T06:47:00Z,8,141,28357
6,2025-06-11T06:48:00Z,7,146,29692
6,2025-06-11T06:49:00Z,4,149,30607
6,2025-06-11T06:50:00Z,7,146,30264
6,2025-06-11T06:51:00Z,5,141,28924
6,2025-06-11T06:52:00Z,7,148,30442
6,2025-06-11T06:53:00Z,5,107,22626
6,2025-06-11T06:54:00Z,7,146,30358
6,2025-06-11T06:55:00Z,5,147,30463
6,2025-06-11T06:56:00Z,7,124,25745
6,2025-06-11T06:57:00Z,4,139,29129
6,2025-06-11T06:58:00Z,7,149,31314
6,2025-06-11T06:59:00Z,4,144,29359
6,2025-06-11T07:00:00Z,8,144,29794
6,2025-06-11T07:01:00Z,7,146,30611
6,2025-06-11T07:02:00Z,6,147,30728
6,2025-06-11T07:03:00Z,6,153,31884
6,2025-06-11T07:04:00Z,6,146,30177
6,2025-06-11T07:05:00Z,5,150,30627
6,2025-06-11T07:06:00Z,7,143,28695
6,2025-06-11T07:07:00Z,7,134,28372
6,2025-06-11T07:08:00Z,6,127,26243
6,2025-06-11T07:09:00Z,5,133,27564
6,2025-06-11T07:10:00Z,6,129,27756
6,2025-06-11T07:11:00Z,5,136,29142
6,2025-06-11T07:12:00Z,6,146,31188
6,2025-06-11T07:13:00Z,7,137,29180
6,2025-06-11T07:14:00Z,5,143,30247
6,2025-06-11T07:15:00Z,7,145,30833
6,2025-06-11T07:16:00Z,7,145,30757
6,2025-06-11T07:17:00Z,5,145,30633
6,2025-06-11T07:18:00Z,8,143,30519
6,2025-06-11T07:19:00Z,4,134,28587
6,2025-06-11T07:20:00Z,7,119,25621
6,2025-06-11T07:21:00Z,3,43,9210
7,2025-06-11T08:22:00Z,1,34,9996
7,2025-06-11T08:23:00Z,4,92,25440
7,2025-06-11T08:24:00Z,4,62,17375
7,2025-06-11T08:25:00Z,2,59,16649
7,2025-06-11T08:26:00Z,4,59,16338
7,2025-06-11T08:27:00Z,5,78,21836
7,2025-06-11T08:28:00Z,3,76,21356
7,2025-06-11T08:29:00Z,5,67,18807
7,2025-06-11T08:30:00Z,4,78,22398
7,2025-06-11T08:31:00Z,5,75,20915
7,2025-06-11T08:32:00Z,1,35,9992
7,2025-06-11T08:33:00Z,4,50,13800
7,2025-06-11T08:34:00Z,0,35,9603
7,2025-06-11T08:35:00Z,3,46,13060
7,2025-06-11T08:36:00Z,3,25,6675
7,2025-06-11T08:37:00Z,0,31,7979
7,2025-06-11T08:38:00Z,1,21,5663
7,2025-06-11T08:39:00Z,2,17,4693
7,2025-06-11T08:40:00Z,1,29,8249
7,2025-06-11T08:41:00Z,2,15,3969
7,2025-06-11T08:42:00Z,0,18,4940
7,2025-06-11T08:43:00Z,0,19,5306
7,2025-06-11T08:44:00Z,2,10,2901
7,2025-06-11T08:45:00Z,3,34,9768
7,2025-06-11T08:46:00Z,0,26,7153
7,2025-06-11T08:47:00Z,0,15,4129
7,2025-06-11T08:48:00Z,2,16,4537
7,2025-06-11T08:49:00Z,1,14,3924
7,2025-06-11T08:50:00Z,2,19,5381
7,2025-06-11T08:51:00Z,0,8,2210
7,2025-06-11T08:52:00Z,0,28,7695
7,2025-06-11T08:53:00Z,1,10,2638
7,2025-06-11T08:54:00Z,1,4,1232
7,2025-06-11T08:55:00Z,3,73,20781
7,2025-06-11T08:56:00Z,4,71,20086
7,2025-06-11T08:57:00Z,5,81,22898
7,2025-06-11T08:58:00Z,5,88,24946
7,2025-06-11T08:59:00Z,3,51,14034
7,2025-06-11T09:00:00Z,4,53,14801
7,2025-06-11T09:01:00Z,3,76,21245
7,2025-06-11T09:02:00Z,4,60,17362
7,2025-06-11T09:03:00Z,4,80,22727
7,2025-06-11T09:04:00Z,5,85,23679
7,2025-06-11T09:05:00Z,4,68,19525
7,2025-06-11T09:06:00Z,5,88,25193
7,2025-06-11T09:07:00Z,4,68,19220
7,2025-06-11T09:08:00Z,4,78,22592
7,2025-06-11T09:09:00Z,5,70,20119
7,2025-06-11T09:10:00Z,4,68,19648
7,2025-06-11T09:11:00Z,4,74,20730
7,2025-06-11T09:12:00Z,4,82,22643
7,2025-06-11T09:13:00Z,4,72,20346
7,2025-06-11T09:14:00Z,5,74,20867
7,2025-06-11T09:15:00Z,3,60,16742
7,2025-06-11T09:16:00Z,4,79,22901
7,2025-06-11T09:17:00Z,5,85,24132
7,2025-06-11T09:18:00Z,4,66,18723
7,2025-06-11T09:19:00Z,2,47,13056
7,2025-06-11T09:20:00Z,4,64,17942
7,2025-06-11T09:21:00Z,3,61,17208
7,2025-06-11T09:22:00Z,4,60,17182
7,2025-06-11T09:23:00Z,3,65,18225
7,2025-06-11T09:24:00Z,5,78,21561
7,2025-06-11T09:25:00Z,3,68,19233
7,2025-06-11T09:26:00Z,5,68,19335
7,2025-06-11T09:27:00Z,3,55,15800
7,2025-06-11T09:28:00Z,4,65,18733
7,2025-06-11T09:29:00Z,2,62,17619
7,2025-06-11T09:30:00Z,5,62,17850
7,2025-06-11T09:31:00Z,2,56,16193
7,2025-06-11T09:32:00Z,5,74,21440
7,2025-06-11T09:33:00Z,4,78,22485
7,2025-06-11T09:34:00Z,5,90,22463
7,2025-06-11T09:35:00Z,3,59,15518
7,2025-06-11T09:36:00Z,5,98,25683
7,2025-06-11T09:37:00Z,4,92,24442
7,2025-06-11T09:38:00Z,5,97,25724
7,2025-06-11T09:39:00Z,5,102,25528
7,2025-06-11T09:40:00Z,6,97,25027
7,2025-06-11T09:41:00Z,5,73,19341
7,2025-06-11T09:42:00Z,3,52,14326
7,2025-06-11T09:43:00Z,2,46,12738
7,2025-06-11T09:44:00Z,4,80,22354
7,2025-06-11T09:45:00Z,5,74,19806
7,2025-06-11T09:46:00Z,4,92,24009
7,2025-06-11T09:47:00Z,4,98,25303
7,2025-06-11T09:48:00Z,6,94,24817
7,2025-06-11T09:49:00Z,5,93,25095
7,2025-06-11T09:50:00Z,5,102,26960
7,2025-06-11T09:51:00Z,6,111,27927
7,2025-06-11T09:52:00Z,4,98,24473
7,2025-06-11T09:53:00Z,4,102,24947
7,2025-06-11T09:54:00Z,6,91,21570
7,2025-06-11T09:55:00Z,5,101,23300
7,2025-06-11T09:56:00Z,3,98,23488
7,2025-06-11T09:57:00Z,7,112,26404
7,2025-06-11T09:58:00Z,5,97,23688
7,2025-06-11T09:59:00Z,5,107,25504
7,2025-06-11T10:00:00Z,4,107,26274
7,2025-06-11T10:01:00Z,5,116,28514
7,2025-06-11T10:02:00Z,7,101,26108
7,2025-06-11T10:03:00Z,4,105,26309
7,2025-06-11T10:04:00Z,4,90,22840
7,2025-06-11T10:05:00Z,4,78,20122
7,2025-06-11T10:06:00Z,6,86,22824
7,2025-06-11T10:07:00Z,5,77,19382
7,2025-06-11T10:08:00Z,5,92,23833
7,2025-06-11T10:09:00Z,4,102,26614
7,2025-06-11T10:10:00Z,5,82,22019
7,2025-06-11T10:11:00Z,4,82,22373
7,2025-06-11T10:12:00Z,2,50,13515
7,2025-06-11T10:13:00Z,5,81,20958
7,2025-06-11T10:14:00Z,4,73,19556
7,2025-06-11T10:15:00Z,3,72,17993
7,2025-06-11T10:16:00Z,4,77,19369
7,2025-06-11T10:17:00Z,1,29,8212
7,2025-06-11T10:18:00Z,4,58,16156
7,2025-06-11T10:19:00Z,1,38,10011
7,2025-06-11T10:20:00Z,3,41,11212
7,2025-06-11T10:21:00Z,4,61,16841
7,2025-06-11T10:22:00Z,4,78,21462
7,2025-06-11T10:23:00Z,4,71,19941
7,2025-06-11T10:24:00Z,3,60,17154
7,2025-06-11T10:25:00Z,3,65,18286
7,2025-06-11T10:26:00Z,4,47,13276
7,2025-06-11T10:27:00Z,1,29,8212
7,2025-06-11T10:28:00Z,1,22,5987
7,2025-06-11T10:29:00Z,1,20,5650
7,2025-06-11T10:30:00Z,2,19,5404
7,2025-06-11T10:31:00Z,1,35,9487
7,2025-06-11T10:32:00Z,4,70,16236
7,2025-06-11T10:33:00Z,3,77,19695
7,2025-06-11T10:34:00Z,6,82,21939
7,2025-06-11T10:35:00Z,3,79,20804
7,2025-06-11T10:36:00Z,3,71,19028
7,2025-06-11T10:37:00Z,3,48,13245
7,2025-06-11T10:38:00Z,3,50,13451
7,2025-06-11T10:39:00Z,5,73,20196
7,2025-06-11T10:40:00Z,3,69,18411
7,2025-06-11T10:41:00Z,5,65,16973
7,2025-06-11T10:42:00Z,3,58,16004
7,2025-06-11T10:43:00Z,5,65,18348
7,2025-06-11T10:44:00Z,2,40,11141
7,2025-06-11T10:45:00Z,3,51,14082
7,2025-06-11T10:46:00Z,2,48,13327
7,2025-06-11T10:47:00Z,3,58,15947
7,2025-06-11T10:48:00Z,3,66,17977
7,2025-06-11T10:49:00Z,5,68,18762
7,2025-06-11T10:50:00Z,3,60,16649
7,2025-06-11T10:51:00Z,2,31,8711
7,2025-06-11T10:52:00Z,0,8,2288
7,2025-06-11T10:53:00Z,1,17,4906
7,2025-06-11T10:54:00Z,2,12,3397
7,2025-06-11T10:55:00Z,0,11,3195
7,2025-06-11T10:56:00Z,1,11,3142
7,2025-06-11T10:57:00Z,1,4,1185
8,2025-06-12T06:23:00Z,0,15,1978
8,2025-06-12T06:24:00Z,2,129,18325
8,2025-06-12T06:25:00Z,5,135,18870
8,2025-06-12T06:26:00Z,4,145,19848
8,2025-06-12T06:27:00Z,3,145,20272
8,2025-06-12T06:28:00Z,4,142,20039
8,2025-06-12T06:29:00Z,5,141,19008
8,2025-06-12T06:30:00Z,4,135,18688
8,2025-06-12T06:31:00Z,3,145,20460
8,2025-06-12T06:32:00Z,5,146,19900
8,2025-06-12T06:33:00Z,3,127,17133
8,2025-06-12T06:34:00Z,3,97,14177
8,2025-06-12T06:35:00Z,3,141,28168
8,2025-06-12T06:36:00Z,4,144,29770
8,2025-06-12T06:37:00Z,8,144,28192
8,2025-06-12T06:38:00Z,6,136,26791
8,2025-06-12T06:39:00Z,4,140,28936
8,2025-06-12T06:40:00Z,6,151,29266
8,2025-06-12T06:41:00Z,7,144,26505
8,2025-06-12T06:42:00Z,6,140,23816
8,2025-06-12T06:43:00Z,3,149,27914
8,2025-06-12T06:44:00Z,8,140,26331
8,2025-06-12T06:45:00Z,4,140,27320
8,2025-06-12T06:46:00Z,5,142,28586
8,2025-06-12T06:47:00Z,8,139,27272
8,2025-06-12T06:48:00Z,3,142,28015
8,2025-06-12T06:49:00Z,8,145,29430
8,2025-06-12T06:50:00Z,3,133,27369
8,2025-06-12T06:51:00Z,6,144,28940
8,2025-06-12T06:52:00Z,8,144,29861
8,2025-06-12T06:53:00Z,5,146,29030
8,2025-06-12T06:54:00Z,7,141,29756
8,2025-06-12T06:55:00Z,6,144,29153
8,2025-06-12T06:56:00Z,5,144,27711
8,2025-06-12T06:57:00Z,5,148,29933
8,2025-06-12T06:58:00Z,6,133,28194
8,2025-06-12T06:59:00Z,8,139,28441
8,2025-06-12T07:00:00Z,4,138,29583
8,2025-06-12T07:01:00Z,6,143,30746
8,2025-06-12T07:02:00Z,6,134,29573
8,2025-06-12T07:03:00Z,7,141,31155
8,2025-06-12T07:04:00Z,6,139,30787
8,2025-06-12T07:05:00Z,7,138,31262
8,2025-06-12T07:06:00Z,5,140,30434
8,2025-06-12T07:07:00Z,6,139,30578
8,2025-06-12T07:08:00Z,7,136,30912
8,2025-06-12T07:09:00Z,6,141,31489
8,2025-06-12T07:10:00Z,6,146,31710
8,2025-06-12T07:11:00Z,6,146,30917
8,2025-06-12T07:12:00Z,6,147,32062
8,2025-06-12T07:13:00Z,8,142,30120
8,2025-06-12T07:14:00Z,4,148,30334
8,2025-06-12T07:15:00Z,7,145,30405
8,2025-06-12T07:16:00Z,8,149,30798
8,2025-06-12T07:17:00Z,3,136,27506
8,2025-06-12T07:18:00Z,8,145,29370
8,2025-06-12T07:19:00Z,4,143,30184
8,2025-06-12T07:20:00Z,7,141,30194
8,2025-06-12T07:21:00Z,8,143,31008
8,2025-06-12T07:22:00Z,4,126,26517
8,2025-06-12T07:23:00Z,7,142,30365
8,2025-06-12T07:24:00Z,5,139,29996
8,2025-06-12T07:25:00Z,7,135,29140
8,2025-06-12T07:26:00Z,5,134,28447
8,2025-06-12T07:27:00Z,6,136,28774
8,2025-06-12T07:28:00Z,6,134,28547
8,2025-06-12T07:29:00Z,6,138,29748
8,2025-06-12T07:30:00Z,7,138,29749
8,2025-06-12T07:31:00Z,4,141,30220
8,2025-06-12T07:32:00Z,7,138,28868
8,2025-06-12T07:33:00Z,5,132,27696
8,2025-06-12T07:34:00Z,7,135,28852
8,2025-06-12T07:35:00Z,5,142,30207
8,2025-06-12T07:36:00Z,6,144,30732
8,2025-06-12T07:37:00Z,6,129,27351
8,2025-06-12T07:38:00Z,6,146,32011
8,2025-06-12T07:39:00Z,7,152,32156
8,2025-06-12T07:40:00Z,4,147,31035
8,2025-06-12T07:41:00Z,8,147,31288
8,2025-06-12T07:42:00Z,6,137,29364
8,2025-06-12T07:43:00Z,7,145,31662
8,2025-06-12T07:44:00Z,5,136,29716
8,2025-06-12T07:45:00Z,7,142,30775
8,2025-06-12T07:46:00Z,5,143,30622
8,2025-06-12T07:47:00Z,9,135,29180
8,2025-06-12T07:48:00Z,5,140,29492
8,2025-06-12T07:49:00Z,6,142,30182
8,2025-06-12T07:50:00Z,7,135,28941
8,2025-06-12T07:51:00Z,5,137,29464
8,2025-06-12T07:52:00Z,5,140,29533
8,2025-06-12T07:53:00Z,8,143,30407
8,2025-06-12T07:54:00Z,5,145,31289
8,2025-06-12T07:55:00Z,7,143,30865
8,2025-06-12T07:56:00Z,4,148,29097
8,2025-06-12T07:57:00Z,7,146,24363
8,2025-06-12T07:58:00Z,3,140,22672
8,2025-06-12T07:59:00Z,6,148,24694
8,2025-06-12T08:00:00Z,5,147,24876
8,2025-06-12T08:01:00Z,4,137,21955
8,2025-06-12T08:02:00Z,4,142,22593
8,2025-06-12T08:03:00Z,7,146,24079
8,2025-06-12T08:04:00Z,5,145,25005
8,2025-06-12T08:05:00Z,4,141,23778
8,2025-06-12T08:06:00Z,4,145,23813
8,2025-06-12T08:07:00Z,5,141,22224
8,2025-06-12T08:08:00Z,4,132,20903
8,2025-06-12T08:09:00Z,6,138,22075
8,2025-06-12T08:10:00Z,5,135,23941
8,2025-06-12T08:11:00Z,4,138,26858
8,2025-06-12T08:12:00Z,6,128,25492
8,2025-06-12T08:13:00Z,6,144,30327
8,2025-06-12T08:14:00Z,6,149,31296
8,2025-06-12T08:15:00Z,5,131,26713
8,2025-06-12T08:16:00Z,7,133,26908
8,2025-06-12T08:17:00Z,6,145,29359
8,2025-06-12T08:18:00Z,4,135,27796
8,2025-06-12T08:19:00Z,6,131,27028
8,2025-06-12T08:20:00Z,7,135,28806
8,2025-06-12T08:21:00Z,5,140,28899
8,2025-06-12T08:22:00Z,7,137,28642
8,2025-06-12T08:23:00Z,7,132,27777
8,2025-06-12T08:24:00Z,3,127,27656
8,2025-06-12T08:25:00Z,7,118,25851
8,2025-06-12T08:26:00Z,4,121,24636
8,2025-06-12T08:27:00Z,5,133,27460
8,2025-06-12T08:28:00Z,6,140,29046
8,2025-06-12T08:29:00Z,6,145,29700
8,2025-06-12T08:30:00Z,6,143,29444
8,2025-06-12T08:31:00Z,7,131,27515
8,2025-06-12T08:32:00Z,5,139,28541
8,2025-06-12T08:33:00Z,5,128,26098
8,2025-06-12T08:34:00Z,6,141,28982
8,2025-06-12T08:35:00Z,7,143,29608
8,2025-06-12T08:36:00Z,5,136,27789
8,2025-06-12T08:37:00Z,7,129,26662
8,2025-06-12T08:38:00Z,3,128,26631
8,2025-06-12T08:39:00Z,6,142,29920
8,2025-06-12T08:40:00Z,7,148,30664
8,2025-06-12T08:41:00Z,7,144,29653
8,2025-06-12T08:42:00Z,5,135,27671
8,2025-06-12T08:43:00Z,6,141,28827
8,2025-06-12T08:44:00Z,6,138,28340
8,2025-06-12T08:45:00Z,5,123,25304
8,2025-06-12T08:46:00Z,6,132,28186
8,2025-06-12T08:47:00Z,5,134,27308
8,2025-06-12T08:48:00Z,6,143,29184
8,2025-06-12T08:49:00Z,6,135,28176
8,2025-06-12T08:50:00Z,6,138,28229
8,2025-06-12T08:51:00Z,5,136,27832
8,2025-06-12T08:52:00Z,7,135,27591
8,2025-06-12T08:53:00Z,5,142,29712
8,2025-06-12T08:54:00Z,6,137,28514
8,2025-06-12T08:55:00Z,5,134,28068
8,2025-06-12T08:56:00Z,6,133,27900
8,2025-06-12T08:57:00Z,7,128,26538
8,2025-06-12T08:58:00Z,6,130,27026
8,2025-06-12T08:59:00Z,5,134,27633
8,2025-06-12T09:00:00Z,6,131,27006
8,2025-06-12T09:01:00Z,6,146,30220
8,2025-06-12T09:02:00Z,6,133,27414
8,2025-06-12T09:03:00Z,6,139,28590
8,2025-06-12T09:04:00Z,5,135,27540
8,2025-06-12T09:05:00Z,5,129,26412
8,2025-06-12T09:06:00Z,7,137,28238
8,2025-06-12T09:07:00Z,6,140,28986
8,2025-06-12T09:08:00Z,5,138,28326
8,2025-06-12T09:09:00Z,5,124,25630
8,2025-06-12T09:10:00Z,3,9,1899
9,2025-06-12T09:12:00Z,4,112,23759
9,2025-06-12T09:13:00Z,4,151,32264
9,2025-06-12T09:14:00Z,8,145,30019
9,2025-06-12T09:15:00Z,4,141,30029
9,2025-06-12T09:16:00Z,7,144,30143
9,2025-06-12T09:17:00Z,6,139,29698
9,2025-06-12T09:18:00Z,7,148,31599
9,2025-06-12T09:19:00Z,6,144,30818
9,2025-06-12T09:20:00Z,5,142,30188
9,2025-06-12T09:21:00Z,7,144,31061
9,2025-06-12T09:22:00Z,4,137,29513
9,2025-06-12T09:23:00Z,8,147,31233
9,2025-06-12T09:24:00Z,5,143,30247
9,2025-06-12T09:25:00Z,7,146,30417
9,2025-06-12T09:26:00Z,5,135,27930
9,2025-06-12T09:27:00Z,5,142,29018
9,2025-06-12T09:28:00Z,6,132,27243
9,2025-06-12T09:29:00Z,8,141,28911
9,2025-06-12T09:30:00Z,5,141,28972
9,2025-06-12T09:31:00Z,5,135,27540
9,2025-06-12T09:32:00Z,5,135,27541
9,2025-06-12T09:33:00Z,6,141,29227
9,2025-06-12T09:34:00Z,7,137,28192
9,2025-06-12T09:35:00Z,6,142,29800
9,2025-06-12T09:36:00Z,6,143,30255
9,2025-06-12T09:37:00Z,6,127,26502
9,2025-06-12T09:38:00Z,5,133,27508
9,2025-06-12T09:39:00Z,5,128,26432
9,2025-06-12T09:40:00Z,5,137,28548
9,2025-06-12T09:41:00Z,7,134,27993
9,2025-06-12T09:42:00Z,5,135,28845
9,2025-06-12T09:43:00Z,5,137,27948
9,2025-06-12T09:44:00Z,5,131,26744
9,2025-06-12T09:45:00Z,6,144,29592
9,2025-06-12T09:46:00Z,8,134,28077
9,2025-06-12T09:47:00Z,4,140,30459
9,2025-06-12T09:48:00Z,7,126,27026
9,2025-06-12T09:49:00Z,4,147,31598
9,2025-06-12T09:50:00Z,5,85,17682
9,2025-06-12T09:51:00Z,8,131,27452
9,2025-06-12T09:52:00Z,4,134,28380
9,2025-06-12T09:53:00Z,5,126,26461
9,2025-06-12T09:54:00Z,7,127,26769
9,2025-06-12T09:55:00Z,4,71,15105
10,2025-06-12T10:14:00Z,0,50,10590
10,2025-06-12T10:15:00Z,5,113,23819
10,2025-06-12T10:16:00Z,5,126,26366
10,2025-06-12T10:17:00Z,5,142,29854
10,2025-06-12T10:18:00Z,7,138,29054
10,2025-06-12T10:19:00Z,5,135,28561
10,2025-06-12T10:20:00Z,5,133,28686
10,2025-06-12T10:21:00Z,6,115,24233
10,2025-06-12T10:22:00Z,7,136,28866
10,2025-06-12T10:23:00Z,5,135,28468
10,2025-06-12T10:24:00Z,5,134,27709
10,2025-06-12T10:25:00Z,5,141,29057
10,2025-06-12T10:26:00Z,8,135,28098
10,2025-06-12T10:27:00Z,3,123,25505
10,2025-06-12T10:28:00Z,8,134,27532
10,2025-06-12T10:29:00Z,3,127,24712
10,2025-06-12T10:30:00Z,4,111,22459
10,2025-06-12T10:31:00Z,6,124,25503
10,2025-06-12T10:32:00Z,5,125,26572
10,2025-06-12T10:33:00Z,5,115,23929
10,2025-06-12T10:34:00Z,6,114,23553
10,2025-06-12T10:35:00Z,3,134,27595
10,2025-06-12T10:36:00Z,8,130,26165
10,2025-06-12T10:37:00Z,4,131,27558
10,2025-06-12T10:38:00Z,5,122,25249
10,2025-06-12T10:39:00Z,7,119,24987
10,2025-06-12T10:40:00Z,5,121,25362
10,2025-06-12T10:41:00Z,4,135,28974
10,2025-06-12T10:42:00Z,7,137,28677
10,2025-06-12T10:43:00Z,5,128,27136
10,2025-06-12T10:44:00Z,5,133,28445
10,2025-06-12T10:45:00Z,6,130,28066
10,2025-06-12T10:46:00Z,7,125,26415
10,2025-06-12T10:47:00Z,5,139,29504
10,2025-06-12T10:48:00Z,5,127,27450
10,2025-06-12T10:49:00Z,7,139,29649
10,2025-06-12T10:50:00Z,5,141,29706
10,2025-06-12T10:51:00Z,6,142,30065
10,2025-06-12T10:52:00Z,7,128,27246
10,2025-06-12T10:53:00Z,6,128,27037
10,2025-06-12T10:54:00Z,4,104,21640
10,2025-06-12T10:55:00Z,5,119,25737
10,2025-06-12T10:56:00Z,5,113,24093
10,2025-06-12T10:57:00Z,4,92,19825
10,2025-06-12T10:58:00Z,5,104,22494
10,2025-06-12T10:59:00Z,5,114,24311
10,2025-06-12T11:00:00Z,5,117,25793
10,2025-06-12T11:01:00Z,4,125,26747
10,2025-06-12T11:02:00Z,5,111,23166
10,2025-06-12T11:03:00Z,7,121,26198
10,2025-06-12T11:04:00Z,6,131,27550
10,2025-06-12T11:05:00Z,3,106,22478
10,2025-06-12T11:06:00Z,5,114,24418
10,2025-06-12T11:07:00Z,4,96,20203
10,2025-06-12T11:08:00Z,5,94,19650
10,2025-06-12T11:09:00Z,4,113,23592
10,2025-06-12T11:10:00Z,5,108,22537
10,2025-06-12T11:11:00Z,6,117,24857
10,2025-06-12T11:12:00Z,4,109,23268
10,2025-06-12T11:13:00Z,4,113,24149
10,2025-06-12T11:14:00Z,5,112,23653
10,2025-06-12T11:15:00Z,5,109,22985
10,2025-06-12T11:16:00Z,4,89,18612
10,2025-06-12T11:17:00Z,4,97,20366
10,2025-06-12T11:18:00Z,5,114,23769
10,2025-06-12T11:19:00Z,5,116,24464
10,2025-06-12T11:20:00Z,6,120,26045
10,2025-06-12T11:21:00Z,4,118,25360
10,2025-06-12T11:22:00Z,5,108,23525
10,2025-06-12T11:23:00Z,5,121,26153
10,2025-06-12T11:24:00Z,6,126,27511
10,2025-06-12T11:25:00Z,5,121,26540
10,2025-06-12T11:26:00Z,5,107,22854
10,2025-06-12T11:27:00Z,5,99,21499
10,2025-06-12T11:28:00Z,4,109,23715
10,2025-06-12T11:29:00Z,6,121,26864
10,2025-06-12T11:30:00Z,7,128,28703
10,2025-06-12T11:31:00Z,4,106,22867
10,2025-06-12T11:32:00Z,5,112,24265
10,2025-06-12T11:33:00Z,4,104,23048
10,2025-06-12T11:34:00Z,5,66,14305
11,2025-06-12T11:45:00Z,0,99,20717
11,2025-06-12T11:46:00Z,8,138,29211
11,2025-06-12T11:47:00Z,5,132,28903
11,2025-06-12T11:48:00Z,6,129,28972
11,2025-06-12T11:49:00Z,6,134,30607
11,2025-06-12T11:50:00Z,7,132,30129
11,2025-06-12T11:51:00Z,6,132,30278
11,2025-06-12T11:52:00Z,5,141,32594
11,2025-06-12T11:53:00Z,7,135,30788
11,2025-06-12T11:54:00Z,7,131,30165
11,2025-06-12T11:55:00Z,4,113,25626
11,2025-06-12T11:56:00Z,6,132,29809
11,2025-06-12T11:57:00Z,8,147,33538
11,2025-06-12T11:58:00Z,6,140,32121
11,2025-06-12T11:59:00Z,5,133,30584
11,2025-06-12T12:00:00Z,7,134,30275
11,2025-06-12T12:01:00Z,6,137,30540
11,2025-06-12T12:02:00Z,6,137,31739
11,2025-06-12T12:03:00Z,6,144,33685
11,2025-06-12T12:04:00Z,8,137,31466
11,2025-06-12T12:05:00Z,5,122,28030
11,2025-06-12T12:06:00Z,6,128,29081
11,2025-06-12T12:07:00Z,5,129,29346
11,2025-06-12T12:08:00Z,7,127,29238
11,2025-06-12T12:09:00Z,5,116,27231
11,2025-06-12T12:10:00Z,5,116,22617
11,2025-06-12T12:11:00Z,4,125,21154
11,2025-06-12T12:12:00Z,3,139,21835
11,2025-06-12T12:13:00Z,6,136,22630
11,2025-06-12T12:14:00Z,6,143,23583
11,2025-06-12T12:15:00Z,3,137,23147
11,2025-06-12T12:16:00Z,5,134,21227
11,2025-06-12T12:17:00Z,6,136,22166
11,2025-06-12T12:18:00Z,5,134,21696
11,2025-06-12T12:19:00Z,3,141,20457
11,2025-06-12T12:20:00Z,5,143,23330
11,2025-06-12T12:21:00Z,5,125,21194
11,2025-06-12T12:22:00Z,5,129,20147
11,2025-06-12T12:23:00Z,3,125,20079
11,2025-06-12T12:24:00Z,5,140,22279
11,2025-06-12T12:25:00Z,3,120,18613
11,2025-06-12T12:26:00Z,6,112,18314
11,2025-06-12T12:27:00Z,3,134,21503
11,2025-06-12T12:28:00Z,6,129,20339
11,2025-06-12T12:29:00Z,4,139,22031
11,2025-06-12T12:30:00Z,4,121,19384
11,2025-06-12T12:31:00Z,4,123,19266
11,2025-06-12T12:32:00Z,5,140,21906
11,2025-06-12T12:33:00Z,4,129,20552
11,2025-06-12T12:34:00Z,5,127,20376
11,2025-06-12T12:35:00Z,5,137,21629
11,2025-06-12T12:36:00Z,4,140,22005
11,2025-06-12T12:37:00Z,4,126,19864
11,2025-06-12T12:38:00Z,5,127,20726
11,2025-06-12T12:39:00Z,4,123,19959
11,2025-06-12T12:40:00Z,6,140,22846
11,2025-06-12T12:41:00Z,4,134,21627
11,2025-06-12T12:42:00Z,6,133,21422
11,2025-06-12T12:43:00Z,5,137,21666
11,2025-06-12T12:44:00Z,4,126,19778
11,2025-06-12T12:45:00Z,4,100,16058
11,2025-06-12T12:46:00Z,4,127,21644
11,2025-06-12T12:47:00Z,4,127,20204
11,2025-06-12T12:48:00Z,5,138,21941
11,2025-06-12T12:49:00Z,5,141,22350
11,2025-06-12T12:50:00Z,5,126,20336
11,2025-06-12T12:51:00Z,3,139,22039
11,2025-06-12T12:52:00Z,5,130,20777
11,2025-06-12T12:53:00Z,5,134,20705
11,2025-06-12T12:54:00Z,4,141,20019
11,2025-06-12T12:55:00Z,3,141,20080
11,2025-06-12T12:56:00Z,4,138,19217
11,2025-06-12T12:57:00Z,4,124,17498
11,2025-06-12T12:58:00Z,4,125,18132
11,2025-06-12T12:59:00Z,5,138,19708
11,2025-06-12T13:00:00Z,4,140,20056
11,2025-06-12T13:01:00Z,4,126,17580
11,2025-06-12T13:02:00Z,2,130,18727
11,2025-06-12T13:03:00Z,5,135,19731
11,2025-06-12T13:04:00Z,3,128,18817
11,2025-06-12T13:05:00Z,4,119,16762
11,2025-06-12T13:06:00Z,5,130,18424
11,2025-06-12T13:07:00Z,3,135,18931
11,2025-06-12T13:08:00Z,4,138,19838
11,2025-06-12T13:09:00Z,4,133,19563
11,2025-06-12T13:10:00Z,4,141,20690
11,2025-06-12T13:11:00Z,4,135,19644
11,2025-06-12T13:12:00Z,5,136,19357
11,2025-06-12T13:13:00Z,4,131,18634
11,2025-06-12T13:14:00Z,3,138,19299
11,2025-06-12T13:15:00Z,4,121,16938
11,2025-06-12T13:16:00Z,4,143,20702
11,2025-06-12T13:17:00Z,3,127,17564
11,2025-06-12T13:18:00Z,4,138,19391
11,2025-06-12T13:19:00Z,5,143,20659
11,2025-06-12T13:20:00Z,4,133,19056
11,2025-06-12T13:21:00Z,4,129,19129
11,2025-06-12T13:22:00Z,3,130,18371
11,2025-06-12T13:23:00Z,5,136,19215
11,2025-06-12T13:24:00Z,2,135,18513
11,2025-06-12T13:25:00Z,3,108,16171
11,2025-06-12T13:26:00Z,6,137,27900
11,2025-06-12T13:27:00Z,7,144,27598
11,2025-06-12T13:28:00Z,3,138,25378
11,2025-06-12T13:29:00Z,9,136,25329
11,2025-06-12T13:30:00Z,3,127,24334
11,2025-06-12T13:31:00Z,6,143,28049
11,2025-06-12T13:32:00Z,5,145,30837
11,2025-06-12T13:33:00Z,5,84,17035
11,2025-06-12T13:34:00Z,5,138,27895
11,2025-06-12T13:35:00Z,6,144,29684
11,2025-06-12T13:36:00Z,6,115,22729
11,2025-06-12T13:37:00Z,0,5,878
11,2025-06-12T13:38:00Z,0,0,0
11,2025-06-12T13:39:00Z,0,2,261
11,2025-06-12T13:40:00Z,0,3,438
11,2025-06-12T13:41:00Z,1,38,5418
11,2025-06-12T13:42:00Z,2,123,16849
11,2025-06-12T13:43:00Z,5,109,15210
11,2025-06-12T13:44:00Z,3,135,18841
11,2025-06-12T13:45:00Z,4,128,17578
11,2025-06-12T13:46:00Z,4,137,18470
11,2025-06-12T13:47:00Z,3,120,16051
11,2025-06-12T13:48:00Z,3,132,17963
11,2025-06-12T13:49:00Z,4,135,18661
11,2025-06-12T13:50:00Z,4,119,16901
11,2025-06-12T13:51:00Z,3,125,17427
11,2025-06-12T13:52:00Z,4,128,17791
11,2025-06-12T13:53:00Z,4,129,18278
11,2025-06-12T13:54:00Z,3,130,18157
11,2025-06-12T13:55:00Z,3,119,16784
11,2025-06-12T13:56:00Z,4,126,17806
11,2025-06-12T13:57:00Z,3,115,16010
11,2025-06-12T13:58:00Z,4,118,16062
11,2025-06-12T13:59:00Z,3,133,18331
11,2025-06-12T14:00:00Z,4,128,17724
11,2025-06-12T14:01:00Z,4,130,18189
11,2025-06-12T14:02:00Z,4,135,18621
11,2025-06-12T14:03:00Z,3,134,19149
11,2025-06-12T14:04:00Z,4,135,18902
11,2025-06-12T14:05:00Z,5,139,19781
11,2025-06-12T14:06:00Z,4,139,19681
11,2025-06-12T14:07:00Z,4,131,19101
11,2025-06-12T14:08:00Z,3,135,19278
11,2025-06-12T14:09:00Z,4,135,18881
11,2025-06-12T14:10:00Z,4,132,17455
11,2025-06-12T14:11:00Z,5,128,17341
11,2025-06-12T14:12:00Z,2,116,16518
11,2025-06-12T14:13:00Z,5,129,19723
11,2025-06-12T14:14:00Z,3,108,18448
11,2025-06-12T14:15:00Z,5,81,15770
11,2025-06-12T14:16:00Z,4,68,13447
11,2025-06-12T14:17:00Z,2,57,14710
11,2025-06-12T14:18:00Z,1,0,0
12,2025-06-12T14:39:00Z,3,78,20349
12,2025-06-12T14:40:00Z,6,128,32742
12,2025-06-12T14:41:00Z,7,126,32069
12,2025-06-12T14:42:00Z,6,129,32240
12,2025-06-12T14:43:00Z,4,125,30312
12,2025-06-12T14:44:00Z,8,128,31840
12,2025-06-12T14:45:00Z,5,124,31115
12,2025-06-12T14:46:00Z,6,133,33255
12,2025-06-12T14:47:00Z,8,132,33292
12,2025-06-12T14:48:00Z,7,134,34319
12,2025-06-12T14:49:00Z,7,130,33729
12,2025-06-12T14:50:00Z,6,129,31893
12,2025-06-12T14:51:00Z,7,133,33744
12,2025-06-12T14:52:00Z,6,136,32867
12,2025-06-12T14:53:00Z,6,130,32431
12,2025-06-12T14:54:00Z,5,126,31340
12,2025-06-12T14:55:00Z,8,130,33221
12,2025-06-12T14:56:00Z,7,137,34215
12,2025-06-12T14:57:00Z,6,127,32601
12,2025-06-12T14:58:00Z,5,118,30116
12,2025-06-12T14:59:00Z,6,125,31989
12,2025-06-12T15:00:00Z,8,129,32526
12,2025-06-12T15:01:00Z,6,131,33233
12,2025-06-12T15:02:00Z,7,124,31431
12,2025-06-12T15:03:00Z,7,133,34068
12,2025-06-12T15:04:00Z,6,133,33128
12,2025-06-12T15:05:00Z,6,116,29727
12,2025-06-12T15:06:00Z,8,128,33425
12,2025-06-12T15:07:00Z,6,125,32578
12,2025-06-12T15:08:00Z,6,135,33343
12,2025-06-12T15:09:00Z,7,133,32280
12,2025-06-12T15:10:00Z,7,124,32944
12,2025-06-12T15:11:00Z,6,136,34635
12,2025-06-12T15:12:00Z,7,126,31482
12,2025-06-12T15:13:00Z,7,138,34617
12,2025-06-12T15:14:00Z,7,124,31440
12,2025-06-12T15:15:00Z,5,113,28523
12,2025-06-12T15:16:00Z,7,127,32003
12,2025-06-12T15:17:00Z,7,131,33142
12,2025-06-12T15:18:00Z,5,122,30324
12,2025-06-12T15:19:00Z,6,129,31754
12,2025-06-12T15:20:00Z,6,121,29300
12,2025-06-12T15:21:00Z,7,136,33021
12,2025-06-12T15:22:00Z,6,137,33749
12,2025-06-12T15:23:00Z,8,135,32579
12,2025-06-12T15:24:00Z,6,122,30006
12,2025-06-12T15:25:00Z,4,81,20399
12,2025-06-12T15:26:00Z,6,123,28907
12,2025-06-12T15:27:00Z,6,143,33889
12,2025-06-12T15:28:00Z,7,134,26713
12,2025-06-12T15:29:00Z,2,140,19785
12,2025-06-12T15:30:00Z,4,136,19817
12,2025-06-12T15:31:00Z,6,121,17235
12,2025-06-12T15:32:00Z,4,131,17542
12,2025-06-12T15:33:00Z,3,128,16844
12,2025-06-12T15:34:00Z,3,37,4963
13,2025-06-13T06:22:00Z,1,97,11509
13,2025-06-13T06:23:00Z,3,139,17161
13,2025-06-13T06:24:00Z,4,140,17584
13,2025-06-13T06:25:00Z,4,140,17356
13,2025-06-13T06:26:00Z,3,144,17657
13,2025-06-13T06:27:00Z,4,143,17544
13,2025-06-13T06:28:00Z,3,141,17318
13,2025-06-13T06:29:00Z,3,145,17691
13,2025-06-13T06:30:00Z,4,140,16959
13,2025-06-13T06:31:00Z,4,139,17436
13,2025-06-13T06:32:00Z,4,137,16801
13,2025-06-13T06:33:00Z,3,140,17285
13,2025-06-13T06:34:00Z,3,139,17516
13,2025-06-13T06:35:00Z,4,139,17315
13,2025-06-13T06:36:00Z,4,146,18036
13,2025-06-13T06:37:00Z,3,146,18313
13,2025-06-13T06:38:00Z,3,114,14343
13,2025-06-13T06:39:00Z,2,112,14019
13,2025-06-13T06:40:00Z,4,136,16776
13,2025-06-13T06:41:00Z,4,147,18205
13,2025-06-13T06:42:00Z,4,135,17050
13,2025-06-13T06:43:00Z,3,140,17301
13,2025-06-13T06:44:00Z,4,141,18792
13,2025-06-13T06:45:00Z,3,130,17239
13,2025-06-13T06:46:00Z,4,141,19059
13,2025-06-13T06:47:00Z,4,145,19270
13,2025-06-13T06:48:00Z,2,136,18789
13,2025-06-13T06:49:00Z,5,145,19963
13,2025-06-13T06:50:00Z,3,149,20389
13,2025-06-13T06:51:00Z,6,139,19211
13,2025-06-13T06:52:00Z,4,141,19999
13,2025-06-13T06:53:00Z,2,131,18133
13,2025-06-13T06:54:00Z,5,128,18343
13,2025-06-13T06:55:00Z,4,126,18717
13,2025-06-13T06:56:00Z,5,142,21254
13,2025-06-13T06:57:00Z,3,137,20279
13,2025-06-13T06:58:00Z,6,135,20028
13,2025-06-13T06:59:00Z,4,144,21001
13,2025-06-13T07:00:00Z,3,133,19496
13,2025-06-13T07:01:00Z,4,129,19770
13,2025-06-13T07:02:00Z,5,111,16976
13,2025-06-13T07:03:00Z,3,54,8231
14,2025-06-13T07:04:00Z,0,27,4506
14,2025-06-13T07:05:00Z,4,137,21268
14,2025-06-13T07:06:00Z,4,136,20850
14,2025-06-13T07:07:00Z,4,140,21107
14,2025-06-13T07:08:00Z,5,143,21282
14,2025-06-13T07:09:00Z,4,140,21098
14,2025-06-13T07:10:00Z,5,147,21909
14,2025-06-13T07:11:00Z,4,145,21663
14,2025-06-13T07:12:00Z,6,139,20942
14,2025-06-13T07:13:00Z,4,137,20884
14,2025-06-13T07:14:00Z,5,145,22414
14,2025-06-13T07:15:00Z,5,128,19887
14,2025-06-13T07:16:00Z,3,132,20879
14,2025-06-13T07:17:00Z,5,137,20867
14,2025-06-13T07:18:00Z,3,140,21490
14,2025-06-13T07:19:00Z,6,133,20685
14,2025-06-13T07:20:00Z,5,132,20788
14,2025-06-13T07:21:00Z,4,138,22743
14,2025-06-13T07:22:00Z,5,136,22381
14,2025-06-13T07:23:00Z,4,133,22184
14,2025-06-13T07:24:00Z,4,135,22086
14,2025-06-13T07:25:00Z,6,145,24973
14,2025-06-13T07:26:00Z,3,142,24596
14,2025-06-13T07:27:00Z,7,143,24278
14,2025-06-13T07:28:00Z,8,139,24149
14,2025-06-13T07:29:00Z,5,141,24065
14,2025-06-13T07:30:00Z,5,142,23768
14,2025-06-13T07:31:00Z,5,138,23656
14,2025-06-13T07:32:00Z,4,144,24484
14,2025-06-13T07:33:00Z,5,144,24840
14,2025-06-13T07:34:00Z,5,136,23723
14,2025-06-13T07:35:00Z,8,131,22638
14,2025-06-13T07:36:00Z,6,131,22893
14,2025-06-13T07:37:00Z,3,111,19151
14,2025-06-13T07:38:00Z,6,118,20306
14,2025-06-13T07:39:00Z,4,130,21505
14,2025-06-13T07:40:00Z,4,134,22322
14,2025-06-13T07:41:00Z,6,133,21375
14,2025-06-13T07:42:00Z,4,112,17689
14,2025-06-13T07:43:00Z,4,119,18908
14,2025-06-13T07:44:00Z,5,131,20986
14,2025-06-13T07:45:00Z,4,122,19400
14,2025-06-13T07:46:00Z,4,123,19803
14,2025-06-13T07:47:00Z,4,130,20571
14,2025-06-13T07:48:00Z,6,124,19936
14,2025-06-13T07:49:00Z,4,118,18757
14,2025-06-13T07:50:00Z,4,127,19763
14,2025-06-13T07:51:00Z,4,130,20379
14,2025-06-13T07:52:00Z,5,123,19128
14,2025-06-13T07:53:00Z,4,129,20384
14,2025-06-13T07:54:00Z,5,118,19056
14,2025-06-13T07:55:00Z,3,91,15414
14,2025-06-13T07:56:00Z,2,7,1186
15,2025-06-13T07:57:00Z,0,40,6478
15,2025-06-13T07:58:00Z,5,134,21867
15,2025-06-13T07:59:00Z,2,124,20298
15,2025-06-13T08:00:00Z,6,129,20991
15,2025-06-13T08:01:00Z,4,132,21423
15,2025-06-13T08:02:00Z,4,133,21388
15,2025-06-13T08:03:00Z,4,120,19364
15,2025-06-13T08:04:00Z,4,135,21834
15,2025-06-13T08:05:00Z,5,136,22010
15,2025-06-13T08:06:00Z,5,123,20106
15,2025-06-13T08:07:00Z,4,123,20107
15,2025-06-13T08:08:00Z,4,133,22395
15,2025-06-13T08:09:00Z,4,126,21526
15,2025-06-13T08:10:00Z,6,132,23913
15,2025-06-13T08:11:00Z,4,126,23489
15,2025-06-13T08:12:00Z,4,142,26485
15,2025-06-13T08:13:00Z,7,127,23487
15,2025-06-13T08:14:00Z,4,140,26130
15,2025-06-13T08:15:00Z,5,137,25248
15,2025-06-13T08:16:00Z,6,136,25418
15,2025-06-13T08:17:00Z,5,126,23330
15,2025-06-13T08:18:00Z,6,120,21966
15,2025-06-13T08:19:00Z,3,131,24306
15,2025-06-13T08:20:00Z,8,122,22475
15,2025-06-13T08:21:00Z,3,126,23752
15,2025-06-13T08:22:00Z,5,128,23667
15,2025-06-13T08:23:00Z,6,140,24874
15,2025-06-13T08:24:00Z,4,135,23967
15,2025-06-13T08:25:00Z,7,140,25479
15,2025-06-13T08:26:00Z,2,137,25316
15,2025-06-13T08:27:00Z,7,127,22511
15,2025-06-13T08:28:00Z,4,125,22690
15,2025-06-13T08:29:00Z,6,129,22987
15,2025-06-13T08:30:00Z,4,141,25719
15,2025-06-13T08:31:00Z,7,144,25881
15,2025-06-13T08:32:00Z,4,116,20880
15,2025-06-13T08:33:00Z,6,111,19578
15,2025-06-13T08:34:00Z,3,114,19793
15,2025-06-13T08:35:00Z,6,108,19327
15,2025-06-13T08:36:00Z,4,67,12174
16,2025-06-13T08:38:00Z,2,80,15061
16,2025-06-13T08:39:00Z,3,109,20985
16,2025-06-13T08:40:00Z,5,127,24625
16,2025-06-13T08:41:00Z,5,120,22652
16,2025-06-13T08:42:00Z,4,129,24343
16,2025-06-13T08:43:00Z,7,144,27276
16,2025-06-13T08:44:00Z,5,137,25894
16,2025-06-13T08:45:00Z,6,144,27125
16,2025-06-13T08:46:00Z,5,143,26737
16,2025-06-13T08:47:00Z,4,130,24497
16,2025-06-13T08:48:00Z,6,136,25640
16,2025-06-13T08:49:00Z,7,139,25981
16,2025-06-13T08:50:00Z,5,149,27408
16,2025-06-13T08:51:00Z,6,149,27517
16,2025-06-13T08:52:00Z,5,148,27479
16,2025-06-13T08:53:00Z,6,138,25520
16,2025-06-13T08:54:00Z,6,147,27559
16,2025-06-13T08:55:00Z,6,145,26950
16,2025-06-13T08:56:00Z,4,141,26399
16,2025-06-13T08:57:00Z,7,142,26408
16,2025-06-13T08:58:00Z,5,141,26010
16,2025-06-13T08:59:00Z,5,141,25754
16,2025-06-13T09:00:00Z,6,141,26343
16,2025-06-13T09:01:00Z,6,138,25596
16,2025-06-13T09:02:00Z,4,127,23316
16,2025-06-13T09:03:00Z,6,134,24946
16,2025-06-13T09:04:00Z,6,146,27017
16,2025-06-13T09:05:00Z,6,140,26075
16,2025-06-13T09:06:00Z,4,139,26028
16,2025-06-13T09:07:00Z,6,144,26586
16,2025-06-13T09:08:00Z,6,142,26341
16,2025-06-13T09:09:00Z,6,140,26128
16,2025-06-13T09:10:00Z,4,140,26055
16,2025-06-13T09:11:00Z,7,134,25355
16,2025-06-13T09:12:00Z,5,144,26728
16,2025-06-13T09:13:00Z,6,141,26061
16,2025-06-13T09:14:00Z,6,145,26864
16,2025-06-13T09:15:00Z,5,136,25682
16,2025-06-13T09:16:00Z,4,141,25568
16,2025-06-13T09:17:00Z,7,146,26983
16,2025-06-13T09:18:00Z,5,146,26502
16,2025-06-13T09:19:00Z,6,138,25470
16,2025-06-13T09:20:00Z,4,139,25615
16,2025-06-13T09:21:00Z,7,138,25276
16,2025-06-13T09:22:00Z,3,138,25218
16,2025-06-13T09:23:00Z,7,143,25567
16,2025-06-13T09:24:00Z,5,134,24199
16,2025-06-13T09:25:00Z,6,130,23585
16,2025-06-13T09:26:00Z,3,129,23329
16,2025-06-13T09:27:00Z,9,126,22944
16,2025-06-13T09:28:00Z,4,135,25770
16,2025-06-13T09:29:00Z,5,136,25007
16,2025-06-13T09:30:00Z,7,138,25967
16,2025-06-13T09:31:00Z,4,141,26624
16,2025-06-13T09:32:00Z,6,127,25334
16,2025-06-13T09:33:00Z,5,140,27633
16,2025-06-13T09:34:00Z,5,135,26343
16,2025-06-13T09:35:00Z,6,142,28303
16,2025-06-13T09:36:00Z,7,144,28054
16,2025-06-13T09:37:00Z,5,135,26866
16,2025-06-13T09:38:00Z,5,137,27392
16,2025-06-13T09:39:00Z,6,143,28545
16,2025-06-13T09:40:00Z,6,139,27531
16,2025-06-13T09:41:00Z,5,131,26340
16,2025-06-13T09:42:00Z,6,131,26058
16,2025-06-13T09:43:00Z,5,135,26493
16,2025-06-13T09:44:00Z,5,142,27822
16,2025-06-13T09:45:00Z,7,130,25907
16,2025-06-13T09:46:00Z,5,128,25703
16,2025-06-13T09:47:00Z,4,134,28017
16,2025-06-13T09:48:00Z,8,139,31988
16,2025-06-13T09:49:00Z,5,123,28428
16,2025-06-13T09:50:00Z,6,136,31254
16,2025-06-13T09:51:00Z,6,137,31411
16,2025-06-13T09:52:00Z,7,133,31282
16,2025-06-13T09:53:00Z,6,135,31311
16,2025-06-13T09:54:00Z,8,145,33284
16,2025-06-13T09:55:00Z,5,146,33419
16,2025-06-13T09:56:00Z,7,132,30333
16,2025-06-13T09:57:00Z,6,147,32436
16,2025-06-13T09:58:00Z,5,136,31224
16,2025-06-13T09:59:00Z,8,139,32764
16,2025-06-13T10:00:00Z,6,132,30187
16,2025-06-13T10:01:00Z,7,129,29547
16,2025-06-13T10:02:00Z,6,132,29680
16,2025-06-13T10:03:00Z,7,146,31791
16,2025-06-13T10:04:00Z,5,135,28831
16,2025-06-13T10:05:00Z,7,135,28924
16,2025-06-13T10:06:00Z,5,147,31447
16,2025-06-13T10:07:00Z,7,132,27568
16,2025-06-13T10:08:00Z,4,138,28587
16,2025-06-13T10:09:00Z,7,139,29622
16,2025-06-13T10:10:00Z,5,124,26686
16,2025-06-13T10:11:00Z,5,125,26566
16,2025-06-13T10:12:00Z,6,128,27145
16,2025-06-13T10:13:00Z,7,128,27533
16,2025-06-13T10:14:00Z,4,116,24168
16,2025-06-13T10:15:00Z,5,110,23518
16,2025-06-13T10:16:00Z,5,125,27174
16,2025-06-13T10:17:00Z,5,128,27525
16,2025-06-13T10:18:00Z,6,128,27236
16,2025-06-13T10:19:00Z,6,132,28954
16,2025-06-13T10:20:00Z,5,131,27862
16,2025-06-13T10:21:00Z,7,145,30739
16,2025-06-13T10:22:00Z,6,140,30361
16,2025-06-13T10:23:00Z,4,133,28675
16,2025-06-13T10:24:00Z,8,128,27132
16,2025-06-13T10:25:00Z,4,128,27276
16,2025-06-13T10:26:00Z,6,120,25432
16,2025-06-13T10:27:00Z,4,115,23920
16,2025-06-13T10:28:00Z,5,116,24210
16,2025-06-13T10:29:00Z,6,120,25563
16,2025-06-13T10:30:00Z,3,120,25349
16,2025-06-13T10:31:00Z,5,111,23364
16,2025-06-13T10:32:00Z,7,118,25446
16,2025-06-13T10:33:00Z,4,117,24433
16,2025-06-13T10:34:00Z,9,137,29781
16,2025-06-13T10:35:00Z,5,139,30316
16,2025-06-13T10:36:00Z,5,129,28674
16,2025-06-13T10:37:00Z,6,117,25360
16,2025-06-13T10:38:00Z,6,127,27120
16,2025-06-13T10:39:00Z,5,132,28301
16,2025-06-13T10:40:00Z,4,119,25395
16,2025-06-13T10:41:00Z,6,126,27102
16,2025-06-13T10:42:00Z,5,123,26259
16,2025-06-13T10:43:00Z,5,86,18774
16,2025-06-13T10:44:00Z,4,108,22840
16,2025-06-13T10:45:00Z,5,111,22657
16,2025-06-13T10:46:00Z,4,131,24990
16,2025-06-13T10:47:00Z,8,143,28236
16,2025-06-13T10:48:00Z,3,142,27819
16,2025-06-13T10:49:00Z,9,148,28249
16,2025-06-13T10:50:00Z,3,145,26558
16,2025-06-13T10:51:00Z,5,125,24467
16,2025-06-13T10:52:00Z,5,125,24900
16,2025-06-13T10:53:00Z,6,123,24578
16,2025-06-13T10:54:00Z,5,111,23332
16,2025-06-13T10:55:00Z,4,90,19980
16,2025-06-13T10:56:00Z,2,54,10990
16,2025-06-13T10:57:00Z,5,118,25417
16,2025-06-13T10:58:00Z,5,104,22344
16,2025-06-13T10:59:00Z,5,101,21998
16,2025-06-13T11:00:00Z,5,126,26607
16,2025-06-13T11:01:00Z,5,110,23533
16,2025-06-13T11:02:00Z,5,122,25858
16,2025-06-13T11:03:00Z,6,113,24368
16,2025-06-13T11:04:00Z,4,102,21850
16,2025-06-13T11:05:00Z,6,114,24802
16,2025-06-13T11:06:00Z,4,108,23754
16,2025-06-13T11:07:00Z,5,107,23561
16,2025-06-13T11:08:00Z,3,23,5024
17,2025-06-13T11:12:00Z,0,4,1030
17,2025-06-13T11:13:00Z,3,92,23255
17,2025-06-13T11:14:00Z,5,116,30522
17,2025-06-13T11:15:00Z,5,133,34319
17,2025-06-13T11:16:00Z,7,123,32299
17,2025-06-13T11:17:00Z,8,113,29714
17,2025-06-13T11:18:00Z,3,119,30798
17,2025-06-13T11:19:00Z,8,117,30722
17,2025-06-13T11:20:00Z,5,115,30042
17,2025-06-13T11:21:00Z,7,121,31273
17,2025-06-13T11:22:00Z,6,124,31399
17,2025-06-13T11:23:00Z,7,117,30544
17,2025-06-13T11:24:00Z,7,118,31210
17,2025-06-13T11:25:00Z,3,122,31964
17,2025-06-13T11:26:00Z,10,114,30376
17,2025-06-13T11:27:00Z,4,119,31908
17,2025-06-13T11:28:00Z,8,128,33772
17,2025-06-13T11:29:00Z,6,126,33119
17,2025-06-13T11:30:00Z,5,126,32971
17,2025-06-13T11:31:00Z,9,111,29223
17,2025-06-13T11:32:00Z,5,114,30272
17,2025-06-13T11:33:00Z,9,131,36131
17,2025-06-13T11:34:00Z,3,122,32840
17,2025-06-13T11:35:00Z,10,131,35397
17,2025-06-13T11:36:00Z,4,114,31142
17,2025-06-13T11:37:00Z,7,127,33661
17,2025-06-13T11:38:00Z,7,127,34776
17,2025-06-13T11:39:00Z,8,116,31527
17,2025-06-13T11:40:00Z,4,119,32312
17,2025-06-13T11:41:00Z,7,128,35345
17,2025-06-13T11:42:00Z,9,122,32424
17,2025-06-13T11:43:00Z,2,34,8596
17,2025-06-13T11:44:00Z,3,88,22960
17,2025-06-13T11:45:00Z,6,141,38057
17,2025-06-13T11:46:00Z,9,131,34894
17,2025-06-13T11:47:00Z,7,130,34855
17,2025-06-13T11:48:00Z,5,124,33712
17,2025-06-13T11:49:00Z,8,136,36827
17,2025-06-13T11:50:00Z,9,131,34330
17,2025-06-13T11:51:00Z,5,141,37582
17,2025-06-13T11:52:00Z,9,128,34096
17,2025-06-13T11:53:00Z,4,134,34860
17,2025-06-13T11:54:00Z,9,134,34802
17,2025-06-13T11:55:00Z,5,131,35060
17,2025-06-13T11:56:00Z,10,133,35363
17,2025-06-13T11:57:00Z,4,125,33211
17,2025-06-13T11:58:00Z,7,119,31925
17,2025-06-13T11:59:00Z,8,121,32617
17,2025-06-13T12:00:00Z,6,117,31697
17,2025-06-13T12:01:00Z,7,118,32242
17,2025-06-13T12:02:00Z,4,110,29615
17,2025-06-13T12:03:00Z,7,109,30179
17,2025-06-13T12:04:00Z,5,113,30942
17,2025-06-13T12:05:00Z,6,104,28721
17,2025-06-13T12:06:00Z,7,108,29719
17,2025-06-13T12:07:00Z,5,111,31082
17,2025-06-13T12:08:00Z,6,106,28577
17,2025-06-13T12:09:00Z,6,97,26278
17,2025-06-13T12:10:00Z,7,108,29066
17,2025-06-13T12:11:00Z,5,109,29797
17,2025-06-13T12:12:00Z,7,108,29114
17,2025-06-13T12:13:00Z,4,104,28227
17,2025-06-13T12:14:00Z,6,101,25886
17,2025-06-13T12:15:00Z,1,35,9400
17,2025-06-13T12:16:00Z,5,91,23915
17,2025-06-13T12:17:00Z,4,62,16385
17,2025-06-13T12:18:00Z,3,52,13699
17,2025-06-13T12:19:00Z,4,84,21728
17,2025-06-13T12:20:00Z,6,91,24980
17,2025-06-13T12:21:00Z,4,105,28241
17,2025-06-13T12:22:00Z,6,110,29590
17,2025-06-13T12:23:00Z,5,92,23884
17,2025-06-13T12:24:00Z,8,116,30566
17,2025-06-13T12:25:00Z,4,88,23570
17,2025-06-13T12:26:00Z,5,99,26841
17,2025-06-13T12:27:00Z,6,109,29019
17,2025-06-13T12:28:00Z,4,99,26880
17,2025-06-13T12:29:00Z,7,88,24551
17,2025-06-13T12:30:00Z,4,88,23851
17,2025-06-13T12:31:00Z,6,108,29674
17,2025-06-13T12:32:00Z,4,109,29325
17,2025-06-13T12:33:00Z,7,96,25913
17,2025-06-13T12:34:00Z,6,98,25603
17,2025-06-13T12:35:00Z,5,103,27847
17,2025-06-13T12:36:00Z,5,98,26678
17,2025-06-13T12:37:00Z,6,104,28033
17,2025-06-13T12:38:00Z,5,102,27185
17,2025-06-13T12:39:00Z,4,101,27291
17,2025-06-13T12:40:00Z,6,94,24914
17,2025-06-13T12:41:00Z,5,87,23111
17,2025-06-13T12:42:00Z,5,98,26947
17,2025-06-13T12:43:00Z,6,98,26323
17,2025-06-13T12:44:00Z,6,110,29770
17,2025-06-13T12:45:00Z,4,92,24790
17,2025-06-13T12:46:00Z,6,91,25357
17,2025-06-13T12:47:00Z,6,94,25196
17,2025-06-13T12:48:00Z,2,84,22686
17,2025-06-13T12:49:00Z,8,102,27172
17,2025-06-13T12:50:00Z,4,105,28716
17,2025-06-13T12:51:00Z,8,120,32817
17,2025-06-13T12:52:00Z,3,110,28753
17,2025-06-13T12:53:00Z,7,124,34254
17,2025-06-13T12:54:00Z,8,104,27538
17,2025-06-13T12:55:00Z,6,99,26718
17,2025-06-13T12:56:00Z,3,93,25017
17,2025-06-13T12:57:00Z,6,101,26965
17,2025-06-13T12:58:00Z,6,114,31024
17,2025-06-13T12:59:00Z,5,108,28983
17,2025-06-13T13:00:00Z,6,108,29624
17,2025-06-13T13:01:00Z,5,92,25283
17,2025-06-13T13:02:00Z,6,92,25076
17,2025-06-13T13:03:00Z,5,84,22769
17,2025-06-13T13:04:00Z,3,89,23631
17,2025-06-13T13:05:00Z,6,108,28941
17,2025-06-13T13:06:00Z,4,96,25712
17,2025-06-13T13:07:00Z,7,85,22280
17,2025-06-13T13:08:00Z,3,87,23316
17,2025-06-13T13:09:00Z,4,88,23481
17,2025-06-13T13:10:00Z,9,103,27485
17,2025-06-13T13:11:00Z,3,93,25048
17,2025-06-13T13:12:00Z,8,107,28544
17,2025-06-13T13:13:00Z,3,100,26940
17,2025-06-13T13:14:00Z,7,115,31171
17,2025-06-13T13:15:00Z,4,115,30851
17,2025-06-13T13:16:00Z,8,116,32324
17,2025-06-13T13:17:00Z,6,120,33162
17,2025-06-13T13:18:00Z,8,121,32708
17,2025-06-13T13:19:00Z,7,132,35834
17,2025-06-13T13:20:00Z,6,120,32489
17,2025-06-13T13:21:00Z,7,117,32213
17,2025-06-13T13:22:00Z,7,129,34063
17,2025-06-13T13:23:00Z,6,124,33872
17,2025-06-13T13:24:00Z,7,121,32446
17,2025-06-13T13:25:00Z,5,117,31413
17,2025-06-13T13:26:00Z,8,119,31309
17,2025-06-13T13:27:00Z,4,118,32015
17,2025-06-13T13:28:00Z,8,120,32313
17,2025-06-13T13:29:00Z,7,125,33566
17,2025-06-13T13:30:00Z,6,117,31496
17,2025-06-13T13:31:00Z,6,123,34127
17,2025-06-13T13:32:00Z,8,119,33024
17,2025-06-13T13:33:00Z,5,118,33442
17,2025-06-13T13:34:00Z,6,121,29021
17,2025-06-13T13:35:00Z,8,136,30807
17,2025-06-13T13:36:00Z,4,129,29509
17,2025-06-13T13:37:00Z,8,123,30345
17,2025-06-13T13:38:00Z,3,112,25933
17,2025-06-13T13:39:00Z,7,120,26905
17,2025-06-13T13:40:00Z,6,127,28349
17,2025-06-13T13:41:00Z,5,126,28099
17,2025-06-13T13:42:00Z,5,121,27045
17,2025-06-13T13:43:00Z,6,123,27738
17,2025-06-13T13:44:00Z,5,120,26808
17,2025-06-13T13:45:00Z,4,137,29838
17,2025-06-13T13:46:00Z,7,129,29161
17,2025-06-13T13:47:00Z,5,112,24746
17,2025-06-13T13:48:00Z,7,119,26251
17,2025-06-13T13:49:00Z,5,117,26086
17,2025-06-13T13:50:00Z,6,116,27731
17,2025-06-13T13:51:00Z,4,92,23349
17,2025-06-13T13:52:00Z,7,118,30049
17,2025-06-13T13:53:00Z,5,107,30145
17,2025-06-13T13:54:00Z,8,115,30856
17,2025-06-13T13:55:00Z,6,128,35122
17,2025-06-13T13:56:00Z,6,109,29473
17,2025-06-13T13:57:00Z,5,108,27907
17,2025-06-13T13:58:00Z,5,120,30042
17,2025-06-13T13:59:00Z,5,112,29995
17,2025-06-13T14:00:00Z,8,108,29295
17,2025-06-13T14:01:00Z,8,119,33176
17,2025-06-13T14:02:00Z,5,117,31529
17,2025-06-13T14:03:00Z,8,119,32019
17,2025-06-13T14:04:00Z,4,119,31754
17,2025-06-13T14:05:00Z,8,119,32457
17,2025-06-13T14:06:00Z,5,112,30303
17,2025-06-13T14:07:00Z,6,118,31405
17,2025-06-13T14:08:00Z,6,120,32117
17,2025-06-13T14:09:00Z,7,113,30785
17,2025-06-13T14:10:00Z,5,119,33119
17,2025-06-13T14:11:00Z,8,113,31833
17,2025-06-13T14:12:00Z,5,122,30618
17,2025-06-13T14:13:00Z,6,131,31321
17,2025-06-13T14:14:00Z,6,126,29455
17,2025-06-13T14:15:00Z,6,122,29113
17,2025-06-13T14:16:00Z,6,129,30276
17,2025-06-13T14:17:00Z,7,134,31088
17,2025-06-13T14:18:00Z,7,125,29815
17,2025-06-13T14:19:00Z,6,135,32348
17,2025-06-13T14:20:00Z,7,129,30181
17,2025-06-13T14:21:00Z,7,123,28683
17,2025-06-13T14:22:00Z,5,126,29989
17,2025-06-13T14:23:00Z,6,131,30604
17,2025-06-13T14:24:00Z,6,131,30550
17,2025-06-13T14:25:00Z,5,122,29366
17,2025-06-13T14:26:00Z,6,128,30454
17,2025-06-13T14:27:00Z,6,119,28700
17,2025-06-13T14:28:00Z,7,134,32677
17,2025-06-13T14:29:00Z,5,124,30800
17,2025-06-13T14:30:00Z,4,111,27002
17,2025-06-13T14:31:00Z,9,121,29722
17,2025-06-13T14:32:00Z,5,114,28681
17,2025-06-13T14:33:00Z,6,118,29333
17,2025-06-13T14:34:00Z,6,131,31660
17,2025-06-13T14:35:00Z,6,133,32658
17,2025-06-13T14:36:00Z,5,124,30858
17,2025-06-13T14:37:00Z,9,109,29746
17,2025-06-13T14:38:00Z,5,112,32783
17,2025-06-13T14:39:00Z,7,115,31505
17,2025-06-13T14:40:00Z,6,113,33317
17,2025-06-13T14:41:00Z,7,105,29834
17,2025-06-13T14:42:00Z,4,123,34172
17,2025-06-13T14:43:00Z,9,111,31103
17,2025-06-13T14:44:00Z,6,123,31222
17,2025-06-13T14:45:00Z,5,125,34833
17,2025-06-13T14:46:00Z,9,134,36716
17,2025-06-13T14:47:00Z,5,125,32841
17,2025-06-13T14:48:00Z,7,127,35261
17,2025-06-13T14:49:00Z,8,129,35565
17,2025-06-13T14:50:00Z,6,133,36601
17,2025-06-13T14:51:00Z,9,125,36815
17,2025-06-13T14:52:00Z,7,106,29742
17,2025-06-13T14:53:00Z,6,139,40271
17,2025-06-13T14:54:00Z,4,44,12751
17,2025-06-13T14:55:00Z,1,6,1788
17,2025-06-13T14:56:00Z,0,5,1509
17,2025-06-13T14:57:00Z,1,16,4720
17,2025-06-13T14:58:00Z,0,17,5236
17,2025-06-13T14:59:00Z,5,73,20869
17,2025-06-13T15:00:00Z,4,112,28799
17,2025-06-13T15:01:00Z,9,124,34924
17,2025-06-13T15:02:00Z,6,121,35776
17,2025-06-13T15:03:00Z,7,112,32367
17,2025-06-13T15:04:00Z,8,120,32980
17,2025-06-13T15:05:00Z,7,122,34178
17,2025-06-13T15:06:00Z,6,131,36257
17,2025-06-13T15:07:00Z,8,117,32443
17,2025-06-13T15:08:00Z,6,125,34233
17,2025-06-13T15:09:00Z,7,123,34589
17,2025-06-13T15:10:00Z,5,130,36946
17,2025-06-13T15:11:00Z,9,110,31455
17,2025-06-13T15:12:00Z,5,119,33235
17,2025-06-13T15:13:00Z,7,88,24753
17,2025-06-13T15:14:00Z,1,15,4538
17,2025-06-13T15:15:00Z,2,11,3265
17,2025-06-13T15:16:00Z,1,2,511
18,2025-06-16T06:52:00Z,0,7,880
18,2025-06-16T06:53:00Z,2,118,17404
18,2025-06-16T06:54:00Z,4,134,20493
18,2025-06-16T06:55:00Z,3,137,19374
18,2025-06-16T06:56:00Z,6,144,21748
18,2025-06-16T06:57:00Z,3,145,22256
18,2025-06-16T06:58:00Z,4,129,19733
18,2025-06-16T06:59:00Z,6,140,21291
18,2025-06-16T07:00:00Z,2,129,20328
18,2025-06-16T07:01:00Z,6,133,21161
18,2025-06-16T07:02:00Z,3,134,20743
18,2025-06-16T07:03:00Z,6,135,20430
18,2025-06-16T07:04:00Z,4,141,21664
18,2025-06-16T07:05:00Z,2,121,18477
18,2025-06-16T07:06:00Z,6,127,19477
18,2025-06-16T07:07:00Z,3,130,20420
18,2025-06-16T07:08:00Z,4,140,21438
18,2025-06-16T07:09:00Z,6,132,20999
18,2025-06-16T07:10:00Z,3,136,21868
18,2025-06-16T07:11:00Z,6,145,23317
18,2025-06-16T07:12:00Z,5,149,23814
18,2025-06-16T07:13:00Z,4,142,22486
18,2025-06-16T07:14:00Z,5,139,21546
18,2025-06-16T07:15:00Z,3,144,22631
18,2025-06-16T07:16:00Z,7,139,21983
18,2025-06-16T07:17:00Z,4,143,22046
18,2025-06-16T07:18:00Z,3,148,22070
18,2025-06-16T07:19:00Z,6,142,22000
18,2025-06-16T07:20:00Z,4,140,22125
18,2025-06-16T07:21:00Z,6,145,22544
18,2025-06-16T07:22:00Z,4,147,22751
18,2025-06-16T07:23:00Z,3,134,21214
18,2025-06-16T07:24:00Z,5,136,20734
18,2025-06-16T07:25:00Z,5,131,20537
18,2025-06-16T07:26:00Z,2,122,19515
18,2025-06-16T07:27:00Z,5,124,20121
18,2025-06-16T07:28:00Z,5,124,20050
18,2025-06-16T07:29:00Z,3,124,19460
18,2025-06-16T07:30:00Z,4,115,17567
18,2025-06-16T07:31:00Z,4,108,16431
18,2025-06-16T07:32:00Z,4,139,21146
18,2025-06-16T07:33:00Z,3,137,20860
18,2025-06-16T07:34:00Z,5,133,19879
18,2025-06-16T07:35:00Z,4,124,18442
18,2025-06-16T07:36:00Z,4,122,18497
18,2025-06-16T07:37:00Z,4,122,18188
18,2025-06-16T07:38:00Z,3,125,18909
18,2025-06-16T07:39:00Z,3,127,19245
18,2025-06-16T07:40:00Z,5,119,17582
18,2025-06-16T07:41:00Z,3,121,18225
18,2025-06-16T07:42:00Z,4,121,17832
18,2025-06-16T07:43:00Z,4,114,16900
18,2025-06-16T07:44:00Z,4,115,16689
18,2025-06-16T07:45:00Z,4,108,15602
18,2025-06-16T07:46:00Z,2,73,10665
18,2025-06-16T07:47:00Z,1,9,1326
19,2025-06-16T07:48:00Z,0,55,9005
19,2025-06-16T07:49:00Z,5,117,19633
19,2025-06-16T07:50:00Z,3,116,19609
19,2025-06-16T07:51:00Z,4,135,23455
19,2025-06-16T07:52:00Z,6,124,22275
19,2025-06-16T07:53:00Z,5,140,24288
19,2025-06-16T07:54:00Z,4,133,23069
19,2025-06-16T07:55:00Z,4,143,25029
19,2025-06-16T07:56:00Z,7,148,26134
19,2025-06-16T07:57:00Z,5,140,24613
19,2025-06-16T07:58:00Z,6,138,23585
19,2025-06-16T07:59:00Z,3,143,24740
19,2025-06-16T08:00:00Z,8,137,24179
19,2025-06-16T08:01:00Z,6,139,24220
19,2025-06-16T08:02:00Z,6,141,24324
19,2025-06-16T08:03:00Z,5,147,25550
19,2025-06-16T08:04:00Z,5,141,24598
19,2025-06-16T08:05:00Z,4,138,23245
19,2025-06-16T08:06:00Z,5,133,23144
19,2025-06-16T08:07:00Z,5,148,24710
19,2025-06-16T08:08:00Z,5,144,24315
19,2025-06-16T08:09:00Z,6,139,23392
19,2025-06-16T08:10:00Z,4,143,23346
19,2025-06-16T08:11:00Z,6,142,23623
19,2025-06-16T08:12:00Z,3,144,24296
19,2025-06-16T08:13:00Z,7,136,22821
19,2025-06-16T08:14:00Z,4,138,23284
19,2025-06-16T08:15:00Z,6,133,22423
19,2025-06-16T08:16:00Z,4,143,23836
19,2025-06-16T08:17:00Z,5,136,22847
19,2025-06-16T08:18:00Z,5,144,24116
19,2025-06-16T08:19:00Z,4,135,22028
19,2025-06-16T08:20:00Z,5,133,23388
19,2025-06-16T08:21:00Z,6,142,25890
19,2025-06-16T08:22:00Z,6,136,24683
19,2025-06-16T08:23:00Z,5,144,26068
19,2025-06-16T08:24:00Z,6,138,24883
19,2025-06-16T08:25:00Z,4,139,25371
19,2025-06-16T08:26:00Z,7,146,27027
19,2025-06-16T08:27:00Z,6,135,25217
19,2025-06-16T08:28:00Z,5,136,25268
19,2025-06-16T08:29:00Z,4,137,25231
19,2025-06-16T08:30:00Z,8,132,24479
19,2025-06-16T08:31:00Z,4,138,25573
19,2025-06-16T08:32:00Z,5,147,27086
19,2025-06-16T08:33:00Z,7,139,25994
19,2025-06-16T08:34:00Z,5,136,25020
19,2025-06-16T08:35:00Z,3,126,22814
19,2025-06-16T08:36:00Z,8,131,23070
19,2025-06-16T08:37:00Z,3,119,21706
19,2025-06-16T08:38:00Z,4,143,25988
19,2025-06-16T08:39:00Z,6,119,20971
19,2025-06-16T08:40:00Z,5,132,24779
19,2025-06-16T08:41:00Z,4,130,23826
19,2025-06-16T08:42:00Z,7,137,25301
19,2025-06-16T08:43:00Z,5,136,25446
19,2025-06-16T08:44:00Z,4,124,23166
19,2025-06-16T08:45:00Z,5,137,24968
19,2025-06-16T08:46:00Z,8,118,21899
19,2025-06-16T08:47:00Z,3,138,26318
19,2025-06-16T08:48:00Z,5,141,28102
19,2025-06-16T08:49:00Z,8,140,27457
19,2025-06-16T08:50:00Z,5,139,27229
19,2025-06-16T08:51:00Z,5,143,28313
19,2025-06-16T08:52:00Z,5,140,27915
19,2025-06-16T08:53:00Z,7,143,28039
19,2025-06-16T08:54:00Z,6,139,27266
19,2025-06-16T08:55:00Z,6,134,26812
19,2025-06-16T08:56:00Z,7,130,26680
19,2025-06-16T08:57:00Z,5,128,25474
19,2025-06-16T08:58:00Z,6,140,28282
19,2025-06-16T08:59:00Z,5,127,25057
19,2025-06-16T09:00:00Z,4,118,23071
19,2025-06-16T09:01:00Z,6,136,27402
19,2025-06-16T09:02:00Z,5,134,27245
19,2025-06-16T09:03:00Z,6,131,27109
19,2025-06-16T09:04:00Z,5,139,30009
19,2025-06-16T09:05:00Z,5,118,26279
19,2025-06-16T09:06:00Z,8,112,25273
19,2025-06-16T09:07:00Z,3,115,26306
19,2025-06-16T09:08:00Z,7,99,22102
19,2025-06-16T09:09:00Z,2,28,6271
20,2025-06-16T09:10:00Z,0,51,11619
20,2025-06-16T09:11:00Z,7,136,30406
20,2025-06-16T09:12:00Z,5,123,27650
20,2025-06-16T09:13:00Z,6,141,31788
20,2025-06-16T09:14:00Z,7,135,29624
20,2025-06-16T09:15:00Z,4,115,25945
20,2025-06-16T09:16:00Z,6,137,29789
20,2025-06-16T09:17:00Z,6,138,29834
20,2025-06-16T09:18:00Z,5,127,27345
20,2025-06-16T09:19:00Z,4,121,26411
20,2025-06-16T09:20:00Z,8,127,27150
20,2025-06-16T09:21:00Z,4,128,26916
20,2025-06-16T09:22:00Z,3,118,25814
20,2025-06-16T09:23:00Z,9,123,26731
20,2025-06-16T09:24:00Z,4,131,28682
20,2025-06-16T09:25:00Z,6,132,29635
20,2025-06-16T09:26:00Z,5,128,28076
20,2025-06-16T09:27:00Z,7,124,27067
20,2025-06-16T09:28:00Z,5,135,29476
20,2025-06-16T09:29:00Z,6,129,28650
20,2025-06-16T09:30:00Z,5,124,27449
20,2025-06-16T09:31:00Z,6,128,28178
20,2025-06-16T09:32:00Z,7,142,31319
20,2025-06-16T09:33:00Z,6,134,29687
20,2025-06-16T09:34:00Z,4,127,28202
20,2025-06-16T09:35:00Z,6,143,31751
20,2025-06-16T09:36:00Z,7,141,31192
20,2025-06-16T09:37:00Z,7,139,30638
20,2025-06-16T09:38:00Z,4,129,27828
20,2025-06-16T09:39:00Z,7,127,28253
20,2025-06-16T09:40:00Z,4,133,29217
20,2025-06-16T09:41:00Z,6,111,23999
20,2025-06-16T09:42:00Z,6,130,28323
20,2025-06-16T09:43:00Z,6,145,32624
20,2025-06-16T09:44:00Z,6,133,29605
20,2025-06-16T09:45:00Z,6,135,30286
20,2025-06-16T09:46:00Z,5,145,31946
20,2025-06-16T09:47:00Z,7,137,30633
20,2025-06-16T09:48:00Z,6,125,28004
20,2025-06-16T09:49:00Z,7,143,31811
20,2025-06-16T09:50:00Z,7,147,32815
20,2025-06-16T09:51:00Z,4,146,31786
20,2025-06-16T09:52:00Z,5,122,27132
20,2025-06-16T09:53:00Z,7,132,29271
20,2025-06-16T09:54:00Z,7,136,28991
20,2025-06-16T09:55:00Z,6,129,26798
20,2025-06-16T09:56:00Z,5,136,28936
20,2025-06-16T09:57:00Z,6,132,27761
20,2025-06-16T09:58:00Z,5,137,28856
20,2025-06-16T09:59:00Z,7,137,29276
20,2025-06-16T10:00:00Z,4,139,29678
20,2025-06-16T10:01:00Z,7,136,29611
20,2025-06-16T10:02:00Z,6,134,28724
20,2025-06-16T10:03:00Z,5,133,27774
20,2025-06-16T10:04:00Z,6,130,27526
20,2025-06-16T10:05:00Z,6,122,25680
20,2025-06-16T10:06:00Z,5,133,29319
20,2025-06-16T10:07:00Z,6,125,27663
20,2025-06-16T10:08:00Z,6,139,29478
20,2025-06-16T10:09:00Z,5,138,29066
20,2025-06-16T10:10:00Z,8,136,29387
20,2025-06-16T10:11:00Z,5,132,27403
20,2025-06-16T10:12:00Z,4,131,27616
20,2025-06-16T10:13:00Z,7,137,28223
20,2025-06-16T10:14:00Z,6,135,27955
20,2025-06-16T10:15:00Z,5,140,29113
20,2025-06-16T10:16:00Z,8,139,28507
20,2025-06-16T10:17:00Z,4,128,28673
20,2025-06-16T10:18:00Z,6,129,28522
20,2025-06-16T10:19:00Z,5,130,29445
20,2025-06-16T10:20:00Z,8,136,31844
20,2025-06-16T10:21:00Z,5,134,29324
20,2025-06-16T10:22:00Z,5,133,29315
20,2025-06-16T10:23:00Z,7,132,29199
20,2025-06-16T10:24:00Z,5,135,27758
20,2025-06-16T10:25:00Z,7,134,28860
20,2025-06-16T10:26:00Z,6,134,29662
20,2025-06-16T10:27:00Z,5,148,32784
20,2025-06-16T10:28:00Z,7,116,25058
20,2025-06-16T10:29:00Z,4,53,11784
21,2025-06-16T10:31:00Z,0,1,336
21,2025-06-16T10:32:00Z,0,28,8058
21,2025-06-16T10:33:00Z,4,84,25175
21,2025-06-16T10:34:00Z,7,120,36069
21,2025-06-16T10:35:00Z,7,108,32271
21,2025-06-16T10:36:00Z,7,105,32357
21,2025-06-16T10:37:00Z,6,93,28745
21,2025-06-16T10:38:00Z,1,52,15454
21,2025-06-16T10:39:00Z,7,107,30660
21,2025-06-16T10:40:00Z,5,121,34459
21,2025-06-16T10:41:00Z,7,109,32356
21,2025-06-16T10:42:00Z,6,112,33810
21,2025-06-16T10:43:00Z,10,109,32127
21,2025-06-16T10:44:00Z,4,113,33884
21,2025-06-16T10:45:00Z,5,116,33590
21,2025-06-16T10:46:00Z,7,107,32082
21,2025-06-16T10:47:00Z,6,104,30522
21,2025-06-16T10:48:00Z,9,122,34442
21,2025-06-16T10:49:00Z,5,88,24680
21,2025-06-16T10:50:00Z,2,106,30186
21,2025-06-16T10:51:00Z,9,114,32097
21,2025-06-16T10:52:00Z,7,122,35260
21,2025-06-16T10:53:00Z,7,120,35549
21,2025-06-16T10:54:00Z,6,109,31950
21,2025-06-16T10:55:00Z,7,112,32713
21,2025-06-16T10:56:00Z,9,115,34006
21,2025-06-16T10:57:00Z,7,105,31809
21,2025-06-16T10:58:00Z,6,118,34453
21,2025-06-16T10:59:00Z,6,126,36191
21,2025-06-16T11:00:00Z,7,116,33594
21,2025-06-16T11:01:00Z,7,111,32620
21,2025-06-16T11:02:00Z,5,110,31883
21,2025-06-16T11:03:00Z,6,124,34066
21,2025-06-16T11:04:00Z,9,118,33018
21,2025-06-16T11:05:00Z,6,125,35236
21,2025-06-16T11:06:00Z,6,128,36767
21,2025-06-16T11:07:00Z,8,103,29282
21,2025-06-16T11:08:00Z,1,13,3223
21,2025-06-16T11:09:00Z,2,64,18675
21,2025-06-16T11:10:00Z,7,112,31769
21,2025-06-16T11:11:00Z,6,117,33045
21,2025-06-16T11:12:00Z,6,124,33794
21,2025-06-16T11:13:00Z,8,117,31007
21,2025-06-16T11:14:00Z,4,121,33476
21,2025-06-16T11:15:00Z,10,122,34372
21,2025-06-16T11:16:00Z,5,105,29976
21,2025-06-16T11:17:00Z,6,118,33930
21,2025-06-16T11:18:00Z,9,115,32117
21,2025-06-16T11:19:00Z,5,122,34205
21,2025-06-16T11:20:00Z,8,113,31151
21,2025-06-16T11:21:00Z,2,60,17771
21,2025-06-16T11:22:00Z,3,67,18431
21,2025-06-16T11:23:00Z,7,123,35237
21,2025-06-16T11:24:00Z,5,109,30450
21,2025-06-16T11:25:00Z,9,109,31023
21,2025-06-16T11:26:00Z,5,125,34387
21,2025-06-16T11:27:00Z,6,128,35474
21,2025-06-16T11:28:00Z,10,115,32350
21,2025-06-16T11:29:00Z,5,115,33163
21,2025-06-16T11:30:00Z,6,114,33247
21,2025-06-16T11:31:00Z,7,114,32131
21,2025-06-16T11:32:00Z,0,31,8448
21,2025-06-16T11:33:00Z,4,56,13083
21,2025-06-16T11:34:00Z,5,103,23433
21,2025-06-16T11:35:00Z,5,132,29965
21,2025-06-16T11:36:00Z,6,115,26805
21,2025-06-16T11:37:00Z,6,127,28344
21,2025-06-16T11:38:00Z,6,133,29566
21,2025-06-16T11:39:00Z,5,141,31840
21,2025-06-16T11:40:00Z,7,131,30656
21,2025-06-16T11:41:00Z,6,113,25027
21,2025-06-16T11:42:00Z,4,122,27870
21,2025-06-16T11:43:00Z,7,125,28624
21,2025-06-16T11:44:00Z,5,132,30594
21,2025-06-16T11:45:00Z,8,130,29327
21,2025-06-16T11:46:00Z,5,122,27556
21,2025-06-16T11:47:00Z,4,116,26599
21,2025-06-16T11:48:00Z,5,72,16315
21,2025-06-16T11:49:00Z,4,99,22040
21,2025-06-16T11:50:00Z,4,104,23132
21,2025-06-16T11:51:00Z,5,128,29151
21,2025-06-16T11:52:00Z,6,122,27184
21,2025-06-16T11:53:00Z,6,124,27838
21,2025-06-16T11:54:00Z,5,115,26126
21,2025-06-16T11:55:00Z,5,128,28622
21,2025-06-16T11:56:00Z,6,120,26586
21,2025-06-16T11:57:00Z,5,114,25941
21,2025-06-16T11:58:00Z,6,136,30998
21,2025-06-16T11:59:00Z,6,119,27117
21,2025-06-16T12:00:00Z,6,129,29633
21,2025-06-16T12:01:00Z,6,110,29403
21,2025-06-16T12:02:00Z,6,110,32398
21,2025-06-16T12:03:00Z,6,107,30182
21,2025-06-16T12:04:00Z,7,99,28698
21,2025-06-16T12:05:00Z,5,114,31201
21,2025-06-16T12:06:00Z,6,124,33149
21,2025-06-16T12:07:00Z,7,122,34586
21,2025-06-16T12:08:00Z,9,123,34770
21,2025-06-16T12:09:00Z,6,123,35355
21,2025-06-16T12:10:00Z,8,120,33328
21,2025-06-16T12:11:00Z,6,117,32677
21,2025-06-16T12:12:00Z,4,113,31199
21,2025-06-16T12:13:00Z,8,117,33306
21,2025-06-16T12:14:00Z,7,118,32628
21,2025-06-16T12:15:00Z,6,128,36825
21,2025-06-16T12:16:00Z,9,120,34016
21,2025-06-16T12:17:00Z,6,112,31835
21,2025-06-16T12:18:00Z,6,122,34534
21,2025-06-16T12:19:00Z,6,122,34433
21,2025-06-16T12:20:00Z,8,119,33707
21,2025-06-16T12:21:00Z,7,111,31718
21,2025-06-16T12:22:00Z,5,127,36230
21,2025-06-16T12:23:00Z,8,127,36873
21,2025-06-16T12:24:00Z,8,116,33184
21,2025-06-16T12:25:00Z,7,122,35344
21,2025-06-16T12:26:00Z,5,100,28512
21,2025-06-16T12:27:00Z,5,109,31494
21,2025-06-16T12:28:00Z,8,114,32662
21,2025-06-16T12:29:00Z,5,93,26481
21,2025-06-16T12:30:00Z,8,110,31721
21,2025-06-16T12:31:00Z,3,102,28871
21,2025-06-16T12:32:00Z,7,112,32771
21,2025-06-16T12:33:00Z,5,92,26099
21,2025-06-16T12:34:00Z,6,107,30036
21,2025-06-16T12:35:00Z,7,100,28611
21,2025-06-16T12:36:00Z,5,105,29261
21,2025-06-16T12:37:00Z,6,104,29231
21,2025-06-16T12:38:00Z,8,113,33408
21,2025-06-16T12:39:00Z,5,108,31135
21,2025-06-16T12:40:00Z,4,107,30061
21,2025-06-16T12:41:00Z,7,99,28711
21,2025-06-16T12:42:00Z,6,114,32816
21,2025-06-16T12:43:00Z,9,123,36267
21,2025-06-16T12:44:00Z,7,118,35550
21,2025-06-16T12:45:00Z,7,127,37353
21,2025-06-16T12:46:00Z,8,119,34099
21,2025-06-16T12:47:00Z,6,126,36458
21,2025-06-16T12:48:00Z,5,80,23246
21,2025-06-16T12:49:00Z,5,111,31641
21,2025-06-16T12:50:00Z,9,132,37969
21,2025-06-16T12:51:00Z,6,115,35219
21,2025-06-16T12:52:00Z,8,114,33357
21,2025-06-16T12:53:00Z,6,102,30476
21,2025-06-16T12:54:00Z,1,26,7311
21,2025-06-16T12:55:00Z,2,45,12964
21,2025-06-16T12:56:00Z,5,107,30912
21,2025-06-16T12:57:00Z,9,120,36563
21,2025-06-16T12:58:00Z,9,136,40049
21,2025-06-16T12:59:00Z,7,131,38779
21,2025-06-16T13:00:00Z,5,116,32444
21,2025-06-16T13:01:00Z,8,120,33187
21,2025-06-16T13:02:00Z,5,113,33998
21,2025-06-16T13:03:00Z,5,108,30603
21,2025-06-16T13:04:00Z,10,119,33877
21,2025-06-16T13:05:00Z,5,114,32886
21,2025-06-16T13:06:00Z,7,121,34937
21,2025-06-16T13:07:00Z,8,120,35299
21,2025-06-16T13:08:00Z,7,130,36461
21,2025-06-16T13:09:00Z,6,107,29764
21,2025-06-16T13:10:00Z,9,126,36388
21,2025-06-16T13:11:00Z,5,110,31461
21,2025-06-16T13:12:00Z,7,126,34420
21,2025-06-16T13:13:00Z,6,121,34058
21,2025-06-16T13:14:00Z,8,127,36180
21,2025-06-16T13:15:00Z,6,123,34624
21,2025-06-16T13:16:00Z,7,127,35272
21,2025-06-16T13:17:00Z,7,108,31124
21,2025-06-16T13:18:00Z,6,123,34833
21,2025-06-16T13:19:00Z,8,113,31411
21,2025-06-16T13:20:00Z,6,127,36093
21,2025-06-16T13:21:00Z,8,119,34124
21,2025-06-16T13:22:00Z,5,106,29777
21,2025-06-16T13:23:00Z,7,118,33578
21,2025-06-16T13:24:00Z,6,123,35420
21,2025-06-16T13:25:00Z,8,118,33855
21,2025-06-16T13:26:00Z,8,131,36696
21,2025-06-16T13:27:00Z,6,125,36131
21,2025-06-16T13:28:00Z,9,126,36284
21,2025-06-16T13:29:00Z,7,116,34075
21,2025-06-16T13:30:00Z,6,118,34825
21,2025-06-16T13:31:00Z,2,28,7688
21,2025-06-16T13:32:00Z,0,24,6441
21,2025-06-16T13:33:00Z,1,19,5030
21,2025-06-16T13:34:00Z,0,21,5916
21,2025-06-16T13:35:00Z,3,14,3754
21,2025-06-16T13:36:00Z,2,14,3793
21,2025-06-16T13:37:00Z,1,19,5164
21,2025-06-16T13:38:00Z,0,10,2605
21,2025-06-16T13:39:00Z,0,13,3542
21,2025-06-16T13:40:00Z,1,39,10858
21,2025-06-16T13:41:00Z,7,118,33882
21,2025-06-16T13:42:00Z,6,95,26826
21,2025-06-16T13:43:00Z,8,135,36748
21,2025-06-16T13:44:00Z,3,69,19088
21,2025-06-16T13:45:00Z,0,0,0
21,2025-06-16T13:46:00Z,0,0,0
21,2025-06-16T13:47:00Z,0,0,0
21,2025-06-16T13:48:00Z,0,0,0
21,2025-06-16T13:49:00Z,0,0,0
21,2025-06-16T13:50:00Z,0,0,0
21,2025-06-16T13:51:00Z,0,0,0
21,2025-06-16T13:52:00Z,0,0,0
21,2025-06-16T13:53:00Z,0,0,0
21,2025-06-16T13:54:00Z,0,0,0
21,2025-06-16T13:55:00Z,0,0,0
21,2025-06-16T13:56:00Z,0,0,0
21,2025-06-16T13:57:00Z,0,0,0
21,2025-06-16T13:58:00Z,0,0,0
21,2025-06-16T13:59:00Z,0,0,0
21,2025-06-16T14:00:00Z,0,0,0
21,2025-06-16T14:01:00Z,0,0,0
21,2025-06-16T14:02:00Z,0,0,0
21,2025-06-16T14:03:00Z,0,0,0
21,2025-06-16T14:04:00Z,0,0,0
21,2025-06-16T14:05:00Z,0,0,0
21,2025-06-16T14:06:00Z,0,1,280
21,2025-06-16T14:07:00Z,0,0,0
21,2025-06-16T14:08:00Z,0,0,0
21,2025-06-16T14:09:00Z,0,0,0
21,2025-06-16T14:10:00Z,0,0,0
21,2025-06-16T14:11:00Z,0,0,0
21,2025-06-16T14:12:00Z,0,0,0
21,2025-06-16T14:13:00Z,0,0,0
21,2025-06-16T14:14:00Z,0,0,0
21,2025-06-16T14:15:00Z,0,0,0
21,2025-06-16T14:16:00Z,0,0,0
21,2025-06-16T14:17:00Z,0,0,0
21,2025-06-16T14:18:00Z,0,0,0
21,2025-06-16T14:19:00Z,0,0,0
21,2025-06-16T14:20:00Z,0,0,0
21,2025-06-16T14:21:00Z,0,0,0
21,2025-06-16T14:22:00Z,0,0,0
21,2025-06-16T14:23:00Z,0,0,0
21,2025-06-16T14:24:00Z,0,0,0
21,2025-06-16T14:25:00Z,0,2,534
21,2025-06-16T14:26:00Z,2,71,19596
21,2025-06-16T14:27:00Z,9,124,34528
21,2025-06-16T14:28:00Z,8,126,35283
21,2025-06-16T14:29:00Z,5,113,33962
21,2025-06-16T14:30:00Z,9,130,37868
21,2025-06-16T14:31:00Z,6,124,35664
21,2025-06-16T14:32:00Z,8,118,33897
21,2025-06-16T14:33:00Z,5,125,35551
21,2025-06-16T14:34:00Z,9,120,36119
21,2025-06-16T14:35:00Z,6,102,29896
21,2025-06-16T14:36:00Z,6,126,36991
21,2025-06-16T14:37:00Z,7,121,36031
21,2025-06-16T14:38:00Z,6,119,35934
21,2025-06-16T14:39:00Z,10,125,37484
21,2025-06-16T14:40:00Z,9,137,39805
21,2025-06-16T14:41:00Z,6,128,37535
21,2025-06-16T14:42:00Z,6,107,32803
21,2025-06-16T14:43:00Z,7,117,35320
21,2025-06-16T14:44:00Z,8,125,38184
21,2025-06-16T14:45:00Z,7,101,29975
21,2025-06-16T14:46:00Z,7,119,36948
21,2025-06-16T14:47:00Z,7,114,33899
21,2025-06-16T14:48:00Z,5,123,31867
21,2025-06-16T14:49:00Z,8,133,34754
21,2025-06-16T14:50:00Z,5,121,30872
21,2025-06-16T14:51:00Z,6,132,33401
21,2025-06-16T14:52:00Z,7,126,33819
21,2025-06-16T14:53:00Z,8,127,34817
21,2025-06-16T14:54:00Z,7,124,36672
21,2025-06-16T14:55:00Z,5,89,25899
21,2025-06-16T14:56:00Z,7,98,29397
21,2025-06-16T14:57:00Z,5,88,25434
21,2025-06-16T14:58:00Z,7,111,32562
21,2025-06-16T14:59:00Z,7,114,35174
21,2025-06-16T15:00:00Z,7,114,35136
21,2025-06-16T15:01:00Z,7,119,35676
21,2025-06-16T15:02:00Z,6,51,16379
22,2025-06-16T15:04:00Z,2,66,19611
22,2025-06-16T15:05:00Z,4,116,34368
22,2025-06-16T15:06:00Z,8,122,36538
22,2025-06-16T15:07:00Z,9,125,37507
22,2025-06-16T15:08:00Z,5,121,34329
22,2025-06-16T15:09:00Z,7,118,32591
22,2025-06-16T15:10:00Z,7,122,35249
22,2025-06-16T15:11:00Z,7,122,36141
22,2025-06-16T15:12:00Z,7,120,33765
22,2025-06-16T15:13:00Z,8,139,41013
22,2025-06-16T15:14:00Z,7,118,35184
22,2025-06-16T15:15:00Z,8,120,37116
22,2025-06-16T15:16:00Z,5,108,32420
22,2025-06-16T15:17:00Z,8,118,37214
22,2025-06-16T15:18:00Z,6,110,34124
22,2025-06-16T15:19:00Z,8,111,32237
22,2025-06-16T15:20:00Z,7,130,38357
22,2025-06-16T15:21:00Z,7,107,31910
22,2025-06-16T15:22:00Z,4,86,25768
22,2025-06-16T15:23:00Z,8,99,29930
22,2025-06-16T15:24:00Z,4,99,28964
22,2025-06-16T15:25:00Z,7,110,31812
22,2025-06-16T15:26:00Z,5,102,31693
22,2025-06-16T15:27:00Z,9,124,34868
22,2025-06-16T15:28:00Z,4,135,31086
22,2025-06-16T15:29:00Z,6,126,28520
22,2025-06-16T15:30:00Z,6,119,27135
22,2025-06-16T15:31:00Z,6,124,27537
22,2025-06-16T15:32:00Z,5,126,26968
22,2025-06-16T15:33:00Z,5,104,23130
22,2025-06-16T15:34:00Z,6,117,25638
22,2025-06-16T15:35:00Z,4,112,24166
22,2025-06-16T15:36:00Z,6,126,27805
22,2025-06-16T15:37:00Z,7,121,26013
22,2025-06-16T15:38:00Z,3,122,26890
22,2025-06-16T15:39:00Z,5,114,24323
22,2025-06-16T15:40:00Z,6,128,26957
22,2025-06-16T15:41:00Z,5,112,23292
22,2025-06-16T15:42:00Z,4,126,26769
22,2025-06-16T15:43:00Z,7,136,30605
22,2025-06-16T15:44:00Z,6,126,29238
22,2025-06-16T15:45:00Z,6,135,30766
22,2025-06-16T15:46:00Z,5,131,31623
22,2025-06-16T15:47:00Z,8,134,32337
22,2025-06-16T15:48:00Z,7,132,31320
22,2025-06-16T15:49:00Z,6,130,30483
22,2025-06-16T15:50:00Z,7,129,30435
22,2025-06-16T15:51:00Z,7,143,34473
22,2025-06-16T15:52:00Z,6,141,34209
22,2025-06-16T15:53:00Z,6,132,31937
22,2025-06-16T15:54:00Z,4,134,33217
22,2025-06-16T15:55:00Z,10,131,32135
22,2025-06-16T15:56:00Z,6,125,34322
22,2025-06-16T15:57:00Z,6,127,33443
22,2025-06-16T15:58:00Z,8,135,34784
22,2025-06-16T15:59:00Z,5,115,28965
22,2025-06-16T16:00:00Z,8,130,35004
22,2025-06-16T16:01:00Z,6,126,35550
22,2025-06-16T16:02:00Z,8,125,34544
22,2025-06-16T16:03:00Z,0,20,5585
22,2025-06-16T16:04:00Z,4,79,21446
22,2025-06-16T16:05:00Z,6,81,22287
22,2025-06-16T16:06:00Z,4,87,26420
22,2025-06-16T16:07:00Z,7,84,24155
22,2025-06-16T16:08:00Z,2,4,1165
23,2025-06-17T06:01:00Z,0,6,988
23,2025-06-17T06:02:00Z,2,119,19959
23,2025-06-17T06:03:00Z,4,134,22360
23,2025-06-17T06:04:00Z,4,133,22201
23,2025-06-17T06:05:00Z,8,142,23808
23,2025-06-17T06:06:00Z,4,139,23017
23,2025-06-17T06:07:00Z,5,133,22122
23,2025-06-17T06:08:00Z,5,139,23224
23,2025-06-17T06:09:00Z,4,140,23272
23,2025-06-17T06:10:00Z,5,142,23693
23,2025-06-17T06:11:00Z,6,138,23166
23,2025-06-17T06:12:00Z,3,137,24032
23,2025-06-17T06:13:00Z,6,146,25685
23,2025-06-17T06:14:00Z,4,145,25284
23,2025-06-17T06:15:00Z,9,147,25985
23,2025-06-17T06:16:00Z,4,149,26361
23,2025-06-17T06:17:00Z,4,149,26218
23,2025-06-17T06:18:00Z,6,144,25130
23,2025-06-17T06:19:00Z,7,152,26859
23,2025-06-17T06:20:00Z,5,149,26254
23,2025-06-17T06:21:00Z,5,146,25232
23,2025-06-17T06:22:00Z,4,146,25800
23,2025-06-17T06:23:00Z,9,148,25957
23,2025-06-17T06:24:00Z,4,148,26540
23,2025-06-17T06:25:00Z,4,139,24417
23,2025-06-17T06:26:00Z,6,134,23301
23,2025-06-17T06:27:00Z,5,133,23904
23,2025-06-17T06:28:00Z,4,131,23531
23,2025-06-17T06:29:00Z,5,143,26197
23,2025-06-17T06:30:00Z,9,127,23050
23,2025-06-17T06:31:00Z,2,143,25775
23,2025-06-17T06:32:00Z,6,144,25714
23,2025-06-17T06:33:00Z,7,139,24474
23,2025-06-17T06:34:00Z,3,148,26212
23,2025-06-17T06:35:00Z,8,131,23656
23,2025-06-17T06:36:00Z,2,135,24716
23,2025-06-17T06:37:00Z,9,142,25778
23,2025-06-17T06:38:00Z,5,142,27275
23,2025-06-17T06:39:00Z,5,145,27885
23,2025-06-17T06:40:00Z,5,146,28103
23,2025-06-17T06:41:00Z,6,146,27997
23,2025-06-17T06:42:00Z,7,146,27599
23,2025-06-17T06:43:00Z,6,143,27267
23,2025-06-17T06:44:00Z,3,128,24454
23,2025-06-17T06:45:00Z,4,141,26723
23,2025-06-17T06:46:00Z,7,141,26446
23,2025-06-17T06:47:00Z,7,154,28772
23,2025-06-17T06:48:00Z,5,145,27635
23,2025-06-17T06:49:00Z,6,144,27663
23,2025-06-17T06:50:00Z,6,147,29251
23,2025-06-17T06:51:00Z,7,146,28557
23,2025-06-17T06:52:00Z,4,148,27938
23,2025-06-17T06:53:00Z,7,144,27475
23,2025-06-17T06:54:00Z,5,142,26889
23,2025-06-17T06:55:00Z,6,144,28040
23,2025-06-17T06:56:00Z,6,142,27338
23,2025-06-17T06:57:00Z,6,147,28414
23,2025-06-17T06:58:00Z,7,130,24887
23,2025-06-17T06:59:00Z,3,33,6003
24,2025-06-17T07:01:00Z,0,35,5739
24,2025-06-17T07:02:00Z,1,119,22605
24,2025-06-17T07:03:00Z,6,142,26879
24,2025-06-17T07:04:00Z,5,150,29085
24,2025-06-17T07:05:00Z,6,151,28804
24,2025-06-17T07:06:00Z,7,142,27635
24,2025-06-17T07:07:00Z,4,151,28313
24,2025-06-17T07:08:00Z,8,149,28081
24,2025-06-17T07:09:00Z,4,149,28465
24,2025-06-17T07:10:00Z,6,143,27625
24,2025-06-17T07:11:00Z,5,144,27822
24,2025-06-17T07:12:00Z,6,144,27833
24,2025-06-17T07:13:00Z,6,144,28031
24,2025-06-17T07:14:00Z,5,146,28853
24,2025-06-17T07:15:00Z,6,150,29672
24,2025-06-17T07:16:00Z,8,148,28558
24,2025-06-17T07:17:00Z,5,143,28483
24,2025-06-17T07:18:00Z,5,146,28559
24,2025-06-17T07:19:00Z,6,147,29395
24,2025-06-17T07:20:00Z,6,145,28484
24,2025-06-17T07:21:00Z,5,135,27423
24,2025-06-17T07:22:00Z,5,149,28912
24,2025-06-17T07:23:00Z,7,141,27043
24,2025-06-17T07:24:00Z,5,145,28144
24,2025-06-17T07:25:00Z,7,142,27679
24,2025-06-17T07:26:00Z,4,144,27622
24,2025-06-17T07:27:00Z,6,150,28873
24,2025-06-17T07:28:00Z,7,136,26997
24,2025-06-17T07:29:00Z,5,139,27720
24,2025-06-17T07:30:00Z,6,137,27044
24,2025-06-17T07:31:00Z,5,135,27322
24,2025-06-17T07:32:00Z,6,135,26977
24,2025-06-17T07:33:00Z,5,140,28406
24,2025-06-17T07:34:00Z,6,134,27456
24,2025-06-17T07:35:00Z,6,122,24797
24,2025-06-17T07:36:00Z,3,75,15557
24,2025-06-17T07:37:00Z,2,10,2134
25,2025-06-17T07:38:00Z,0,49,9340
25,2025-06-17T07:39:00Z,4,109,21766
25,2025-06-17T07:40:00Z,5,132,26913
25,2025-06-17T07:41:00Z,7,125,25921
25,2025-06-17T07:42:00Z,6,124,25632
25,2025-06-17T07:43:00Z,6,132,27347
25,2025-06-17T07:44:00Z,3,127,26850
25,2025-06-17T07:45:00Z,8,131,27267
25,2025-06-17T07:46:00Z,5,132,28685
25,2025-06-17T07:47:00Z,7,128,28359
25,2025-06-17T07:48:00Z,5,133,29193
25,2025-06-17T07:49:00Z,6,136,30206
25,2025-06-17T07:50:00Z,7,141,30522
25,2025-06-17T07:51:00Z,5,143,31117
25,2025-06-17T07:52:00Z,7,128,27240
25,2025-06-17T07:53:00Z,5,144,30859
25,2025-06-17T07:54:00Z,8,134,28228
25,2025-06-17T07:55:00Z,4,142,29596
25,2025-06-17T07:56:00Z,7,135,29102
25,2025-06-17T07:57:00Z,6,145,30304
25,2025-06-17T07:58:00Z,8,136,28476
25,2025-06-17T07:59:00Z,5,132,28329
25,2025-06-17T08:00:00Z,6,135,28561
25,2025-06-17T08:01:00Z,7,143,30770
25,2025-06-17T08:02:00Z,6,134,27373
25,2025-06-17T08:03:00Z,5,136,29446
25,2025-06-17T08:04:00Z,7,132,28114
25,2025-06-17T08:05:00Z,4,128,27743
25,2025-06-17T08:06:00Z,6,136,28809
25,2025-06-17T08:07:00Z,6,126,27122
25,2025-06-17T08:08:00Z,7,139,29598
25,2025-06-17T08:09:00Z,6,134,27729
25,2025-06-17T08:10:00Z,5,127,26673
25,2025-06-17T08:11:00Z,6,123,27868
25,2025-06-17T08:12:00Z,7,138,29361
25,2025-06-17T08:13:00Z,6,130,28184
25,2025-06-17T08:14:00Z,5,128,27943
25,2025-06-17T08:15:00Z,5,127,27857
25,2025-06-17T08:16:00Z,7,136,28534
25,2025-06-17T08:17:00Z,5,131,27615
25,2025-06-17T08:18:00Z,6,128,27298
25,2025-06-17T08:19:00Z,6,127,26918
25,2025-06-17T08:20:00Z,4,114,25046
25,2025-06-17T08:21:00Z,5,52,11262
25,2025-06-17T08:22:00Z,0,9,1587
25,2025-06-17T08:23:00Z,3,74,16091
25,2025-06-17T08:24:00Z,3,118,25238
25,2025-06-17T08:25:00Z,5,117,24773
25,2025-06-17T08:26:00Z,8,131,26982
25,2025-06-17T08:27:00Z,4,134,28235
25,2025-06-17T08:28:00Z,8,139,28681
25,2025-06-17T08:29:00Z,6,139,27943
25,2025-06-17T08:30:00Z,6,150,29611
25,2025-06-17T08:31:00Z,6,141,27752
25,2025-06-17T08:32:00Z,5,139,26665
25,2025-06-17T08:33:00Z,8,145,27874
25,2025-06-17T08:34:00Z,6,133,25696
25,2025-06-17T08:35:00Z,6,139,26726
25,2025-06-17T08:36:00Z,5,138,27079
25,2025-06-17T08:37:00Z,7,132,26131
25,2025-06-17T08:38:00Z,5,135,26632
25,2025-06-17T08:39:00Z,6,127,25692
25,2025-06-17T08:40:00Z,5,130,25642
25,2025-06-17T08:41:00Z,6,141,28679
25,2025-06-17T08:42:00Z,8,124,25708
25,2025-06-17T08:43:00Z,5,124,26394
25,2025-06-17T08:44:00Z,3,64,12845
25,2025-06-17T08:45:00Z,3,74,16137
25,2025-06-17T08:46:00Z,4,88,18967
25,2025-06-17T08:47:00Z,2,82,16859
25,2025-06-17T08:48:00Z,6,104,22407
25,2025-06-17T08:49:00Z,6,121,25836
25,2025-06-17T08:50:00Z,4,132,27609
25,2025-06-17T08:51:00Z,6,121,25245
25,2025-06-17T08:52:00Z,6,117,24887
25,2025-06-17T08:53:00Z,5,101,21589
25,2025-06-17T08:54:00Z,4,122,26554
25,2025-06-17T08:55:00Z,7,123,24182
25,2025-06-17T08:56:00Z,5,142,27557
25,2025-06-17T08:57:00Z,6,139,26544
25,2025-06-17T08:58:00Z,6,148,28374
25,2025-06-17T08:59:00Z,6,133,24949
25,2025-06-17T09:00:00Z,7,140,26037
25,2025-06-17T09:01:00Z,6,131,24213
25,2025-06-17T09:02:00Z,6,138,24705
25,2025-06-17T09:03:00Z,5,126,24225
25,2025-06-17T09:04:00Z,5,129,23862
25,2025-06-17T09:05:00Z,6,134,24635
25,2025-06-17T09:06:00Z,6,123,23644
25,2025-06-17T09:07:00Z,5,129,24847
25,2025-06-17T09:08:00Z,6,130,25250
25,2025-06-17T09:09:00Z,5,135,26376
25,2025-06-17T09:10:00Z,6,129,25407
25,2025-06-17T09:11:00Z,6,128,24152
25,2025-06-17T09:12:00Z,5,123,23262
25,2025-06-17T09:13:00Z,5,136,26409
25,2025-06-17T09:14:00Z,7,144,27650
25,2025-06-17T09:15:00Z,6,131,25503
25,2025-06-17T09:16:00Z,7,133,25662
25,2025-06-17T09:17:00Z,6,139,27174
25,2025-06-17T09:18:00Z,5,135,26415
25,2025-06-17T09:19:00Z,6,134,25339
25,2025-06-17T09:20:00Z,5,110,21620
25,2025-06-17T09:21:00Z,6,103,20719
25,2025-06-17T09:22:00Z,4,90,18288
25,2025-06-17T09:23:00Z,4,78,16045
25,2025-06-17T09:24:00Z,4,108,22315
25,2025-06-17T09:25:00Z,5,93,19321
25,2025-06-17T09:26:00Z,2,82,17146
25,2025-06-17T09:27:00Z,3,90,18918
25,2025-06-17T09:28:00Z,7,119,26076
25,2025-06-17T09:29:00Z,4,99,21314
25,2025-06-17T09:30:00Z,6,101,21736
25,2025-06-17T09:31:00Z,3,119,25406
25,2025-06-17T09:32:00Z,8,109,22941
25,2025-06-17T09:33:00Z,4,114,24325
25,2025-06-17T09:34:00Z,5,110,23372
25,2025-06-17T09:35:00Z,3,102,20975
25,2025-06-17T09:36:00Z,6,125,25996
25,2025-06-17T09:37:00Z,5,110,22956
25,2025-06-17T09:38:00Z,4,116,24319
25,2025-06-17T09:39:00Z,8,103,21891
25,2025-06-17T09:40:00Z,3,93,19690
25,2025-06-17T09:41:00Z,3,32,6693
26,2025-06-17T09:43:00Z,4,102,22057
26,2025-06-17T09:44:00Z,3,106,23056
26,2025-06-17T09:45:00Z,4,111,23165
26,2025-06-17T09:46:00Z,5,115,23541
26,2025-06-17T09:47:00Z,3,135,27059
26,2025-06-17T09:48:00Z,5,126,24943
26,2025-06-17T09:49:00Z,8,137,27118
26,2025-06-17T09:50:00Z,6,132,25816
26,2025-06-17T09:51:00Z,6,134,26316
26,2025-06-17T09:52:00Z,4,133,25840
26,2025-06-17T09:53:00Z,3,129,24782
26,2025-06-17T09:54:00Z,5,138,26735
26,2025-06-17T09:55:00Z,5,129,25026
26,2025-06-17T09:56:00Z,6,137,26472
26,2025-06-17T09:57:00Z,7,127,23903
26,2025-06-17T09:58:00Z,5,132,25555
26,2025-06-17T09:59:00Z,5,134,27099
26,2025-06-17T10:00:00Z,6,129,27540
26,2025-06-17T10:01:00Z,7,134,28519
26,2025-06-17T10:02:00Z,3,124,27389
26,2025-06-17T10:03:00Z,8,130,28115
26,2025-06-17T10:04:00Z,5,132,27905
26,2025-06-17T10:05:00Z,7,140,29061
26,2025-06-17T10:06:00Z,4,125,25902
26,2025-06-17T10:07:00Z,6,125,25671
26,2025-06-17T10:08:00Z,4,128,26565
26,2025-06-17T10:09:00Z,6,129,27501
26,2025-06-17T10:10:00Z,5,124,26830
26,2025-06-17T10:11:00Z,5,128,26919
26,2025-06-17T10:12:00Z,6,129,27938
26,2025-06-17T10:13:00Z,7,137,29161
26,2025-06-17T10:14:00Z,5,132,28519
26,2025-06-17T10:15:00Z,8,125,26452
26,2025-06-17T10:16:00Z,3,142,28490
26,2025-06-17T10:17:00Z,9,144,28629
26,2025-06-17T10:18:00Z,3,138,27809
26,2025-06-17T10:19:00Z,5,137,27264
26,2025-06-17T10:20:00Z,7,137,26244
26,2025-06-17T10:21:00Z,5,134,25631
26,2025-06-17T10:22:00Z,3,124,25005
26,2025-06-17T10:23:00Z,6,128,24856
26,2025-06-17T10:24:00Z,5,130,25631
26,2025-06-17T10:25:00Z,8,135,25547
26,2025-06-17T10:26:00Z,6,135,26039
26,2025-06-17T10:27:00Z,4,132,24830
26,2025-06-17T10:28:00Z,5,127,24725
26,2025-06-17T10:29:00Z,6,131,25437
26,2025-06-17T10:30:00Z,6,140,27204
26,2025-06-17T10:31:00Z,4,126,24044
26,2025-06-17T10:32:00Z,5,138,26382
26,2025-06-17T10:33:00Z,4,120,23670
26,2025-06-17T10:34:00Z,7,130,24927
26,2025-06-17T10:35:00Z,6,137,27609
26,2025-06-17T10:36:00Z,3,123,22194
26,2025-06-17T10:37:00Z,4,134,22792
26,2025-06-17T10:38:00Z,7,124,23214
26,2025-06-17T10:39:00Z,4,125,23266
26,2025-06-17T10:40:00Z,6,122,23711
26,2025-06-17T10:41:00Z,4,114,22936
26,2025-06-17T10:42:00Z,4,105,20450
26,2025-06-17T10:43:00Z,5,133,25788
26,2025-06-17T10:44:00Z,4,124,23674
26,2025-06-17T10:45:00Z,7,123,24016
26,2025-06-17T10:46:00Z,6,121,23557
26,2025-06-17T10:47:00Z,3,122,24167
26,2025-06-17T10:48:00Z,4,114,21707
26,2025-06-17T10:49:00Z,5,140,27146
26,2025-06-17T10:50:00Z,5,115,22498
26,2025-06-17T10:51:00Z,6,121,23492
26,2025-06-17T10:52:00Z,5,122,24248
26,2025-06-17T10:53:00Z,6,126,24124
26,2025-06-17T10:54:00Z,5,120,23643
26,2025-06-17T10:55:00Z,4,120,22686
26,2025-06-17T10:56:00Z,6,128,24831
26,2025-06-17T10:57:00Z,4,123,24089
26,2025-06-17T10:58:00Z,6,130,24631
26,2025-06-17T10:59:00Z,5,127,24626
26,2025-06-17T11:00:00Z,6,141,26747
26,2025-06-17T11:01:00Z,5,141,27372
26,2025-06-17T11:02:00Z,4,130,24528
26,2025-06-17T11:03:00Z,5,109,20665
26,2025-06-17T11:04:00Z,0,15,2640
26,2025-06-17T11:05:00Z,5,92,17654
26,2025-06-17T11:06:00Z,5,130,25119
26,2025-06-17T11:07:00Z,5,131,25848
26,2025-06-17T11:08:00Z,4,125,24634
26,2025-06-17T11:09:00Z,7,127,24361
26,2025-06-17T11:10:00Z,4,124,24289
26,2025-06-17T11:11:00Z,5,127,24760
26,2025-06-17T11:12:00Z,4,131,24183
26,2025-06-17T11:13:00Z,6,127,23012
26,2025-06-17T11:14:00Z,4,122,23569
26,2025-06-17T11:15:00Z,5,135,25700
26,2025-06-17T11:16:00Z,6,138,26290
26,2025-06-17T11:17:00Z,6,127,23531
26,2025-06-17T11:18:00Z,5,138,25508
26,2025-06-17T11:19:00Z,4,114,21026
26,2025-06-17T11:20:00Z,4,121,23342
26,2025-06-17T11:21:00Z,6,124,22844
26,2025-06-17T11:22:00Z,4,115,20562
26,2025-06-17T11:23:00Z,5,132,22470
26,2025-06-17T11:24:00Z,5,134,24008
26,2025-06-17T11:25:00Z,5,116,22731
26,2025-06-17T11:26:00Z,5,127,23948
26,2025-06-17T11:27:00Z,4,115,21861
26,2025-06-17T11:28:00Z,4,115,22289
26,2025-06-17T11:29:00Z,6,138,26822
26,2025-06-17T11:30:00Z,5,134,26459
26,2025-06-17T11:31:00Z,6,137,27047
26,2025-06-17T11:32:00Z,5,130,24469
26,2025-06-17T11:33:00Z,6,131,25342
26,2025-06-17T11:34:00Z,6,126,25146
26,2025-06-17T11:35:00Z,5,136,26685
26,2025-06-17T11:36:00Z,5,116,23248
26,2025-06-17T11:37:00Z,3,123,25977
26,2025-06-17T11:38:00Z,9,127,28206
26,2025-06-17T11:39:00Z,4,119,26293
26,2025-06-17T11:40:00Z,6,129,28901
26,2025-06-17T11:41:00Z,5,148,32933
26,2025-06-17T11:42:00Z,6,124,27271
26,2025-06-17T11:43:00Z,6,138,30329
26,2025-06-17T11:44:00Z,7,129,27994
26,2025-06-17T11:45:00Z,4,122,25274
26,2025-06-17T11:46:00Z,6,122,25951
26,2025-06-17T11:47:00Z,5,141,30852
26,2025-06-17T11:48:00Z,8,134,28668
26,2025-06-17T11:49:00Z,4,133,29550
26,2025-06-17T11:50:00Z,6,131,29090
26,2025-06-17T11:51:00Z,8,144,32159
26,2025-06-17T11:52:00Z,6,135,29998
26,2025-06-17T11:53:00Z,5,124,27860
26,2025-06-17T11:54:00Z,6,129,28889
26,2025-06-17T11:55:00Z,5,134,30592
26,2025-06-17T11:56:00Z,6,130,28785
26,2025-06-17T11:57:00Z,7,117,26376
26,2025-06-17T11:58:00Z,5,125,27954
26,2025-06-17T11:59:00Z,6,136,31524
26,2025-06-17T12:00:00Z,6,130,29098
26,2025-06-17T12:01:00Z,6,134,29775
26,2025-06-17T12:02:00Z,6,141,30164
26,2025-06-17T12:03:00Z,6,139,29579
26,2025-06-17T12:04:00Z,6,124,27204
26,2025-06-17T12:05:00Z,5,121,25520
26,2025-06-17T12:06:00Z,6,128,27290
26,2025-06-17T12:07:00Z,6,130,27101
26,2025-06-17T12:08:00Z,4,131,28559
26,2025-06-17T12:09:00Z,7,133,29079
26,2025-06-17T12:10:00Z,6,123,26335
26,2025-06-17T12:11:00Z,4,116,25675
26,2025-06-17T12:12:00Z,6,125,29425
26,2025-06-17T12:13:00Z,6,120,27618
26,2025-06-17T12:14:00Z,6,129,28585
26,2025-06-17T12:15:00Z,6,126,27165
26,2025-06-17T12:16:00Z,4,52,12166
27,2025-06-17T12:42:00Z,0,42,7266
27,2025-06-17T12:43:00Z,1,109,19549
27,2025-06-17T12:44:00Z,6,126,22903
27,2025-06-17T12:45:00Z,4,121,21503
27,2025-06-17T12:46:00Z,5,134,23273
27,2025-06-17T12:47:00Z,3,138,23861
27,2025-06-17T12:48:00Z,6,133,23274
27,2025-06-17T12:49:00Z,6,132,22979
27,2025-06-17T12:50:00Z,5,132,24051
27,2025-06-17T12:51:00Z,4,136,24580
27,2025-06-17T12:52:00Z,5,133,24191
27,2025-06-17T12:53:00Z,4,131,23068
27,2025-06-17T12:54:00Z,6,142,24839
27,2025-06-17T12:55:00Z,7,135,23710
27,2025-06-17T12:56:00Z,5,148,26888
27,2025-06-17T12:57:00Z,4,146,25932
27,2025-06-17T12:58:00Z,5,143,25894
27,2025-06-17T12:59:00Z,6,140,25160
27,2025-06-17T13:00:00Z,5,133,24133
27,2025-06-17T13:01:00Z,5,141,26077
27,2025-06-17T13:02:00Z,5,141,25601
27,2025-06-17T13:03:00Z,5,146,26302
27,2025-06-17T13:04:00Z,6,126,22720
27,2025-06-17T13:05:00Z,5,129,22524
27,2025-06-17T13:06:00Z,3,139,25235
27,2025-06-17T13:07:00Z,6,140,25530
27,2025-06-17T13:08:00Z,6,137,24779
27,2025-06-17T13:09:00Z,6,134,25047
27,2025-06-17T13:10:00Z,3,126,23318
27,2025-06-17T13:11:00Z,5,125,22899
27,2025-06-17T13:12:00Z,5,128,22335
27,2025-06-17T13:13:00Z,4,116,21052
27,2025-06-17T13:14:00Z,5,128,23385
27,2025-06-17T13:15:00Z,4,119,21928
27,2025-06-17T13:16:00Z,6,128,23227
27,2025-06-17T13:17:00Z,5,150,27380
27,2025-06-17T13:18:00Z,5,138,24923
27,2025-06-17T13:19:00Z,4,137,23997
27,2025-06-17T13:20:00Z,6,138,24693
27,2025-06-17T13:21:00Z,5,141,25214
27,2025-06-17T13:22:00Z,4,136,24072
27,2025-06-17T13:23:00Z,6,136,23776
27,2025-06-17T13:24:00Z,7,139,24056
27,2025-06-17T13:25:00Z,4,130,22863
27,2025-06-17T13:26:00Z,6,140,25245
27,2025-06-17T13:27:00Z,4,137,24135
27,2025-06-17T13:28:00Z,4,143,24052
27,2025-06-17T13:29:00Z,6,136,23856
27,2025-06-17T13:30:00Z,4,140,24862
27,2025-06-17T13:31:00Z,6,135,23783
27,2025-06-17T13:32:00Z,6,141,24774
27,2025-06-17T13:33:00Z,3,138,23947
27,2025-06-17T13:34:00Z,7,135,23484
27,2025-06-17T13:35:00Z,3,143,24682
27,2025-06-17T13:36:00Z,5,125,22436
27,2025-06-17T13:37:00Z,5,128,22515
27,2025-06-17T13:38:00Z,5,127,21653
27,2025-06-17T13:39:00Z,5,134,23292
27,2025-06-17T13:40:00Z,4,141,24498
27,2025-06-17T13:41:00Z,6,128,22718
27,2025-06-17T13:42:00Z,3,130,22722
27,2025-06-17T13:43:00Z,4,121,21044
27,2025-06-17T13:44:00Z,6,124,21883
27,2025-06-17T13:45:00Z,4,114,19645
27,2025-06-17T13:46:00Z,5,116,20899
27,2025-06-17T13:47:00Z,2,114,20762
27,2025-06-17T13:48:00Z,6,121,22233
27,2025-06-17T13:49:00Z,3,107,17989
27,2025-06-17T13:50:00Z,6,127,22158
27,2025-06-17T13:51:00Z,1,108,19051
27,2025-06-17T13:52:00Z,7,125,23077
27,2025-06-17T13:53:00Z,6,111,19617
27,2025-06-17T13:54:00Z,1,101,17489
27,2025-06-17T13:55:00Z,6,110,19844
27,2025-06-17T13:56:00Z,3,116,20908
27,2025-06-17T13:57:00Z,5,114,20597
27,2025-06-17T13:58:00Z,2,108,19191
27,2025-06-17T13:59:00Z,5,126,22210
27,2025-06-17T14:00:00Z,7,127,23087
27,2025-06-17T14:01:00Z,3,131,23607
27,2025-06-17T14:02:00Z,5,116,21013
27,2025-06-17T14:03:00Z,4,119,21343
27,2025-06-17T14:04:00Z,6,131,22015
27,2025-06-17T14:05:00Z,3,129,22436
27,2025-06-17T14:06:00Z,5,128,22783
27,2025-06-17T14:07:00Z,5,138,24728
27,2025-06-17T14:08:00Z,3,90,15936
27,2025-06-17T14:09:00Z,4,86,14502
27,2025-06-17T14:10:00Z,4,110,18707
27,2025-06-17T14:11:00Z,3,112,18691
27,2025-06-17T14:12:00Z,6,111,19170
27,2025-06-17T14:13:00Z,2,113,20029
27,2025-06-17T14:14:00Z,7,115,19853
27,2025-06-17T14:15:00Z,3,118,19859
27,2025-06-17T14:16:00Z,2,118,20565
27,2025-06-17T14:17:00Z,5,120,20582
27,2025-06-17T14:18:00Z,5,109,19017
27,2025-06-17T14:19:00Z,5,112,19007
27,2025-06-17T14:20:00Z,1,104,17587
27,2025-06-17T14:21:00Z,6,114,20058
27,2025-06-17T14:22:00Z,2,114,19813
27,2025-06-17T14:23:00Z,6,115,19892
27,2025-06-17T14:24:00Z,3,114,20301
27,2025-06-17T14:25:00Z,6,109,19288
27,2025-06-17T14:26:00Z,6,136,24615
27,2025-06-17T14:27:00Z,3,137,24533
27,2025-06-17T14:28:00Z,5,124,22864
27,2025-06-17T14:29:00Z,5,124,22723
27,2025-06-17T14:30:00Z,5,130,25147
27,2025-06-17T14:31:00Z,5,114,21051
27,2025-06-17T14:32:00Z,6,146,26263
27,2025-06-17T14:33:00Z,6,135,24777
27,2025-06-17T14:34:00Z,0,139,25081
27,2025-06-17T14:35:00Z,8,137,23324
27,2025-06-17T14:36:00Z,6,125,23100
27,2025-06-17T14:37:00Z,4,132,24555
27,2025-06-17T14:38:00Z,4,128,22581
27,2025-06-17T14:39:00Z,4,125,23084
27,2025-06-17T14:40:00Z,6,131,24400
27,2025-06-17T14:41:00Z,3,93,16290
27,2025-06-17T14:42:00Z,4,138,24371
27,2025-06-17T14:43:00Z,6,102,17065
27,2025-06-17T14:44:00Z,2,123,21219
27,2025-06-17T14:45:00Z,6,101,18366
27,2025-06-17T14:46:00Z,3,135,23439
27,2025-06-17T14:47:00Z,7,134,23270
27,2025-06-17T14:48:00Z,2,97,17210
27,2025-06-17T14:49:00Z,5,45,7978
27,2025-06-17T14:50:00Z,1,0,0
