ts,program,gate,recipe
2025-06-05 05:53:43,1,1,R_120_160_0_0_exact_35
2025-06-05 05:53:43,1,1,R_120_160_0_0_exact_35
2025-06-05 05:53:43,1,1,R_120_160_0_0_exact_35
2025-06-05 05:53:43,1,1,R_120_160_0_0_exact_35
2025-06-05 05:53:43,1,2,R_120_160_0_0_exact_35
2025-06-05 05:53:43,1,2,R_120_160_0_0_exact_35
2025-06-05 05:53:43,1,2,R_120_160_0_0_exact_35
2025-06-05 05:53:43,1,2,R_120_160_0_0_exact_35
2025-06-05 05:53:43,1,3,R_160_200_0_0_exact_25
2025-06-05 05:53:43,1,3,R_160_200_0_0_exact_25
2025-06-05 05:53:43,1,3,R_160_200_0_0_exact_25
2025-06-05 05:53:43,1,3,R_160_200_0_0_exact_25
2025-06-05 05:53:43,1,4,R_160_200_0_0_exact_25
2025-06-05 05:53:43,1,4,R_160_200_0_0_exact_25
2025-06-05 05:53:43,1,4,R_160_200_0_0_exact_25
2025-06-05 05:53:43,1,4,R_160_200_0_0_exact_25
2025-06-05 05:53:43,1,5,R_200_250_4875_9999_NA_0
2025-06-05 05:53:43,1,5,R_200_250_4875_9999_NA_0
2025-06-05 05:53:43,1,5,R_200_250_4875_9999_NA_0
2025-06-05 05:53:43,1,5,R_200_250_4875_9999_NA_0
2025-06-05 05:53:43,1,6,R_200_250_4875_9999_NA_0
2025-06-05 05:53:43,1,6,R_200_250_4875_9999_NA_0
2025-06-05 05:53:43,1,6,R_200_250_4875_9999_NA_0
2025-06-05 05:53:43,1,6,R_200_250_4875_9999_NA_0
2025-06-05 05:53:43,1,7,R_200_250_4875_9999_NA_0
2025-06-05 05:53:43,1,7,R_200_250_4875_9999_NA_0
2025-06-05 05:53:43,1,7,R_200_250_4875_9999_NA_0
2025-06-05 05:53:43,1,7,R_200_250_4875_9999_NA_0
2025-06-05 05:53:43,1,8,R_10_1000_4875_9999_NA_0
2025-06-05 05:53:43,1,8,R_10_1000_4875_9999_NA_0
2025-06-05 05:53:43,1,8,R_10_1000_4875_9999_NA_0
2025-06-05 05:53:43,1,8,R_10_1000_4875_9999_NA_0
2025-06-05 08:51:10,2,1,R_120_160_0_0_exact_30
2025-06-05 08:51:10,2,1,R_120_160_0_0_exact_30
2025-06-05 08:51:10,2,1,R_120_160_0_0_exact_30
2025-06-05 08:51:10,2,1,R_120_160_0_0_exact_30
2025-06-05 08:51:10,2,2,R_120_160_0_0_exact_30
2025-06-05 08:51:10,2,2,R_120_160_0_0_exact_30
2025-06-05 08:51:10,2,2,R_120_160_0_0_exact_30
2025-06-05 08:51:10,2,2,R_120_160_0_0_exact_30
2025-06-05 08:51:10,2,3,R_160_200_0_0_exact_25
2025-06-05 08:51:10,2,3,R_160_200_0_0_exact_25
2025-06-05 08:51:10,2,3,R_160_200_0_0_exact_25
2025-06-05 08:51:10,2,3,R_160_200_0_0_exact_25
2025-06-05 08:51:10,2,4,R_160_200_0_0_exact_25
2025-06-05 08:51:10,2,4,R_160_200_0_0_exact_25
2025-06-05 08:51:10,2,4,R_160_200_0_0_exact_25
2025-06-05 08:51:10,2,4,R_160_200_0_0_exact_25
2025-06-05 08:51:10,2,5,R_200_250_4875_9999_NA_0
2025-06-05 08:51:10,2,5,R_200_250_4875_9999_NA_0
2025-06-05 08:51:10,2,5,R_200_250_4875_9999_NA_0
2025-06-05 08:51:10,2,5,R_200_250_4875_9999_NA_0
2025-06-05 08:51:10,2,6,R_200_250_4875_9999_NA_0
2025-06-05 08:51:10,2,6,R_200_250_4875_9999_NA_0
2025-06-05 08:51:10,2,6,R_200_250_4875_9999_NA_0
2025-06-05 08:51:10,2,6,R_200_250_4875_9999_NA_0
2025-06-05 08:51:10,2,7,R_200_250_4875_9999_NA_0
2025-06-05 08:51:10,2,7,R_200_250_4875_9999_NA_0
2025-06-05 08:51:10,2,7,R_200_250_4875_9999_NA_0
2025-06-05 08:51:10,2,7,R_200_250_4875_9999_NA_0
2025-06-05 08:51:10,2,8,R_10_1000_4875_9999_NA_0
2025-06-05 08:51:10,2,8,R_10_1000_4875_9999_NA_0
2025-06-05 08:51:10,2,8,R_10_1000_4875_9999_NA_0
2025-06-05 08:51:10,2,8,R_10_1000_4875_9999_NA_0
2025-06-05 10:53:18,3,1,R_190_250_4875_9999_NA_0
2025-06-05 10:53:18,3,1,R_190_250_4875_9999_NA_0
2025-06-05 10:53:18,3,1,R_190_250_4875_9999_NA_0
2025-06-05 10:53:18,3,1,R_190_250_4875_9999_NA_0
2025-06-05 10:53:18,3,2,R_190_250_4875_9999_NA_0
2025-06-05 10:53:18,3,2,R_190_250_4875_9999_NA_0
2025-06-05 10:53:18,3,2,R_190_250_4875_9999_NA_0
2025-06-05 10:53:18,3,2,R_190_250_4875_9999_NA_0
2025-06-05 10:53:18,3,3,R_250_285_4875_9999_NA_0
2025-06-05 10:53:18,3,3,R_250_285_4875_9999_NA_0
2025-06-05 10:53:18,3,3,R_250_285_4875_9999_NA_0
2025-06-05 10:53:18,3,3,R_250_285_4875_9999_NA_0
2025-06-05 10:53:18,3,4,R_250_285_4875_9999_NA_0
2025-06-05 10:53:18,3,4,R_250_285_4875_9999_NA_0
2025-06-05 10:53:18,3,4,R_250_285_4875_9999_NA_0
2025-06-05 10:53:18,3,4,R_250_285_4875_9999_NA_0
2025-06-05 10:53:18,3,5,R_250_285_4875_9999_NA_0
2025-06-05 10:53:18,3,5,R_250_285_4875_9999_NA_0
2025-06-05 10:53:18,3,5,R_250_285_4875_9999_NA_0
2025-06-05 10:53:18,3,5,R_250_285_4875_9999_NA_0
2025-06-05 10:53:18,3,6,R_10_999_4875_9999_NA_0
2025-06-05 10:53:18,3,6,R_10_999_4875_9999_NA_0
2025-06-05 10:53:18,3,6,R_10_999_4875_9999_NA_0
2025-06-05 10:53:18,3,6,R_10_999_4875_9999_NA_0
2025-06-05 10:53:18,3,7,R_10_999_4875_9999_NA_0
2025-06-05 10:53:18,3,7,R_10_999_4875_9999_NA_0
2025-06-05 10:53:18,3,7,R_10_999_4875_9999_NA_0
2025-06-05 10:53:18,3,7,R_10_999_4875_9999_NA_0
2025-06-05 10:53:18,3,8,R_10_999_4875_9999_NA_0
2025-06-05 10:53:18,3,8,R_10_999_4875_9999_NA_0
2025-06-05 10:53:18,3,8,R_10_999_4875_9999_NA_0
2025-06-05 10:53:18,3,8,R_10_999_4875_9999_NA_0
2025-06-05 11:55:35,4,1,R_220_290_4875_9999_NA_0
2025-06-05 11:55:35,4,1,R_220_290_4875_9999_NA_0
2025-06-05 11:55:35,4,1,R_220_290_4875_9999_NA_0
2025-06-05 11:55:35,4,1,R_220_290_4875_9999_NA_0
2025-06-05 11:55:35,4,2,R_220_290_4875_9999_NA_0
2025-06-05 11:55:35,4,2,R_220_290_4875_9999_NA_0
2025-06-05 11:55:35,4,2,R_220_290_4875_9999_NA_0
2025-06-05 11:55:35,4,2,R_220_290_4875_9999_NA_0
2025-06-05 11:55:35,4,3,R_290_310_4875_9999_NA_0
2025-06-05 11:55:35,4,3,R_290_310_4875_9999_NA_0
2025-06-05 11:55:35,4,3,R_290_310_4875_9999_NA_0
2025-06-05 11:55:35,4,3,R_290_310_4875_9999_NA_0
2025-06-05 11:55:35,4,4,R_290_310_4875_9999_NA_0
2025-06-05 11:55:35,4,4,R_290_310_4875_9999_NA_0
2025-06-05 11:55:35,4,4,R_290_310_4875_9999_NA_0
2025-06-05 11:55:35,4,4,R_290_310_4875_9999_NA_0
2025-06-05 11:55:35,4,5,R_310_400_4875_9999_NA_0
2025-06-05 11:55:35,4,5,R_310_400_4875_9999_NA_0
2025-06-05 11:55:35,4,5,R_310_400_4875_9999_NA_0
2025-06-05 11:55:35,4,5,R_310_400_4875_9999_NA_0
2025-06-05 11:55:35,4,6,R_310_400_4875_9999_NA_0
2025-06-05 11:55:35,4,6,R_310_400_4875_9999_NA_0
2025-06-05 11:55:35,4,6,R_310_400_4875_9999_NA_0
2025-06-05 11:55:35,4,6,R_310_400_4875_9999_NA_0
2025-06-05 11:55:35,4,7,R_310_400_4875_9999_NA_0
2025-06-05 11:55:35,4,7,R_310_400_4875_9999_NA_0
2025-06-05 11:55:35,4,7,R_310_400_4875_9999_NA_0
2025-06-05 11:55:35,4,7,R_310_400_4875_9999_NA_0
2025-06-05 11:55:35,4,8,R_10_999_4875_9999_NA_0
2025-06-05 11:55:35,4,8,R_10_999_4875_9999_NA_0
2025-06-05 11:55:35,4,8,R_10_999_4875_9999_NA_0
2025-06-05 11:55:35,4,8,R_10_999_4875_9999_NA_0
2025-06-11 06:01:58,5,1,R_120_170_0_0_exact_30
2025-06-11 06:01:58,5,1,R_120_170_0_0_exact_30
2025-06-11 06:01:58,5,1,R_120_170_0_0_exact_30
2025-06-11 06:01:58,5,1,R_120_170_0_0_exact_30
2025-06-11 06:01:58,5,2,R_120_170_0_0_exact_30
2025-06-11 06:01:58,5,2,R_120_170_0_0_exact_30
2025-06-11 06:01:58,5,2,R_120_170_0_0_exact_30
2025-06-11 06:01:58,5,2,R_120_170_0_0_exact_30
2025-06-11 06:01:58,5,3,R_160_200_0_0_exact_25
2025-06-11 06:01:58,5,3,R_160_200_0_0_exact_25
2025-06-11 06:01:58,5,3,R_160_200_0_0_exact_25
2025-06-11 06:01:58,5,3,R_160_200_0_0_exact_25
2025-06-11 06:01:58,5,4,R_160_200_0_0_exact_25
2025-06-11 06:01:58,5,4,R_160_200_0_0_exact_25
2025-06-11 06:01:58,5,4,R_160_200_0_0_exact_25
2025-06-11 06:01:58,5,4,R_160_200_0_0_exact_25
2025-06-11 06:01:58,5,5,R_200_250_4855_9999_NA_0
2025-06-11 06:01:58,5,5,R_200_250_4855_9999_NA_0
2025-06-11 06:01:58,5,5,R_200_250_4855_9999_NA_0
2025-06-11 06:01:58,5,5,R_200_250_4855_9999_NA_0
2025-06-11 06:01:58,5,6,R_200_250_4855_9999_NA_0
2025-06-11 06:01:58,5,6,R_200_250_4855_9999_NA_0
2025-06-11 06:01:58,5,6,R_200_250_4855_9999_NA_0
2025-06-11 06:01:58,5,6,R_200_250_4855_9999_NA_0
2025-06-11 06:01:58,5,7,R_200_250_4855_9999_NA_0
2025-06-11 06:01:58,5,7,R_200_250_4855_9999_NA_0
2025-06-11 06:01:58,5,7,R_200_250_4855_9999_NA_0
2025-06-11 06:01:58,5,7,R_200_250_4855_9999_NA_0
2025-06-11 06:01:58,5,8,R_10_1000_4875_9999_NA_0
2025-06-11 06:01:58,5,8,R_10_1000_4875_9999_NA_0
2025-06-11 06:01:58,5,8,R_10_1000_4875_9999_NA_0
2025-06-11 06:01:58,5,8,R_10_1000_4875_9999_NA_0
2025-06-11 08:22:12,6,1,R_160_200_0_0_exact_25
2025-06-11 08:22:12,6,1,R_160_200_0_0_exact_25
2025-06-11 08:22:12,6,1,R_160_200_0_0_exact_25
2025-06-11 08:22:12,6,1,R_160_200_0_0_exact_25
2025-06-11 08:22:12,6,2,R_160_200_0_0_exact_25
2025-06-11 08:22:12,6,2,R_160_200_0_0_exact_25
2025-06-11 08:22:12,6,2,R_160_200_0_0_exact_25
2025-06-11 08:22:12,6,2,R_160_200_0_0_exact_25
2025-06-11 08:22:12,6,3,R_200_260_4875_9999_NA_0
2025-06-11 08:22:12,6,3,R_200_260_4875_9999_NA_0
2025-06-11 08:22:12,6,3,R_200_260_4875_9999_NA_0
2025-06-11 08:22:12,6,3,R_200_260_4875_9999_NA_0
2025-06-11 08:22:12,6,4,R_200_260_4875_9999_NA_0
2025-06-11 08:22:12,6,4,R_200_260_4875_9999_NA_0
2025-06-11 08:22:12,6,4,R_200_260_4875_9999_NA_0
2025-06-11 08:22:12,6,4,R_200_260_4875_9999_NA_0
2025-06-11 08:22:12,6,5,R_260_320_4855_9999_NA_0
2025-06-11 08:22:12,6,5,R_260_320_4855_9999_NA_0
2025-06-11 08:22:12,6,5,R_260_320_4855_9999_NA_0
2025-06-11 08:22:12,6,5,R_260_320_4855_9999_NA_0
2025-06-11 08:22:12,6,6,R_260_320_4855_9999_NA_0
2025-06-11 08:22:12,6,6,R_260_320_4855_9999_NA_0
2025-06-11 08:22:12,6,6,R_260_320_4855_9999_NA_0
2025-06-11 08:22:12,6,6,R_260_320_4855_9999_NA_0
2025-06-11 08:22:12,6,7,
2025-06-11 08:22:12,6,7,
2025-06-11 08:22:12,6,7,
2025-06-11 08:22:12,6,7,
2025-06-11 08:22:12,6,8,
2025-06-11 08:22:12,6,8,
2025-06-11 08:22:12,6,8,
2025-06-11 08:22:12,6,8,
2025-06-12 06:23:44,7,1,R_130_170_4875_9999_NA_0
2025-06-12 06:23:44,7,1,R_130_170_4875_9999_NA_0
2025-06-12 06:23:44,7,1,R_130_170_4875_9999_NA_0
2025-06-12 06:23:44,7,1,R_130_170_4875_9999_NA_0
2025-06-12 06:23:44,7,2,R_130_170_4875_9999_NA_0
2025-06-12 06:23:44,7,2,R_130_170_4875_9999_NA_0
2025-06-12 06:23:44,7,2,R_130_170_4875_9999_NA_0
2025-06-12 06:23:44,7,2,R_130_170_4875_9999_NA_0
2025-06-12 06:23:44,7,3,R_170_200_0_0_exact_25
2025-06-12 06:23:44,7,3,R_170_200_0_0_exact_25
2025-06-12 06:23:44,7,3,R_170_200_0_0_exact_25
2025-06-12 06:23:44,7,3,R_170_200_0_0_exact_25
2025-06-12 06:23:44,7,4,R_170_200_0_0_exact_25
2025-06-12 06:23:44,7,4,R_170_200_0_0_exact_25
2025-06-12 06:23:44,7,4,R_170_200_0_0_exact_25
2025-06-12 06:23:44,7,4,R_170_200_0_0_exact_25
2025-06-12 06:23:44,7,5,R_200_250_4855_9999_NA_0
2025-06-12 06:23:44,7,5,R_200_250_4855_9999_NA_0
2025-06-12 06:23:44,7,5,R_200_250_4855_9999_NA_0
2025-06-12 06:23:44,7,5,R_200_250_4855_9999_NA_0
2025-06-12 06:23:44,7,6,R_200_250_4855_9999_NA_0
2025-06-12 06:23:44,7,6,R_200_250_4855_9999_NA_0
2025-06-12 06:23:44,7,6,R_200_250_4855_9999_NA_0
2025-06-12 06:23:44,7,6,R_200_250_4855_9999_NA_0
2025-06-12 06:23:44,7,7,R_200_250_4855_9999_NA_0
2025-06-12 06:23:44,7,7,R_200_250_4855_9999_NA_0
2025-06-12 06:23:44,7,7,R_200_250_4855_9999_NA_0
2025-06-12 06:23:44,7,7,R_200_250_4855_9999_NA_0
2025-06-12 06:23:44,7,8,R_10_1000_4875_9999_NA_0
2025-06-12 06:23:44,7,8,R_10_1000_4875_9999_NA_0
2025-06-12 06:23:44,7,8,R_10_1000_4875_9999_NA_0
2025-06-12 06:23:44,7,8,R_10_1000_4875_9999_NA_0
2025-06-12 09:11:37,8,1,R_130_170_4875_9999_NA_0
2025-06-12 09:11:37,8,1,R_130_170_4875_9999_NA_0
2025-06-12 09:11:37,8,1,R_130_170_4875_9999_NA_0
2025-06-12 09:11:37,8,1,R_130_170_4875_9999_NA_0
2025-06-12 09:11:37,8,2,R_130_170_4875_9999_NA_0
2025-06-12 09:11:37,8,2,R_130_170_4875_9999_NA_0
2025-06-12 09:11:37,8,2,R_130_170_4875_9999_NA_0
2025-06-12 09:11:37,8,2,R_130_170_4875_9999_NA_0
2025-06-12 09:11:37,8,3,R_170_200_0_0_exact_25
2025-06-12 09:11:37,8,3,R_170_200_0_0_exact_25
2025-06-12 09:11:37,8,3,R_170_200_0_0_exact_25
2025-06-12 09:11:37,8,3,R_170_200_0_0_exact_25
2025-06-12 09:11:37,8,4,R_170_200_4875_9999_NA_0
2025-06-12 09:11:37,8,4,R_170_200_4875_9999_NA_0
2025-06-12 09:11:37,8,4,R_170_200_4875_9999_NA_0
2025-06-12 09:11:37,8,4,R_170_200_4875_9999_NA_0
2025-06-12 09:11:37,8,5,R_200_250_4855_9999_NA_0
2025-06-12 09:11:37,8,5,R_200_250_4855_9999_NA_0
2025-06-12 09:11:37,8,5,R_200_250_4855_9999_NA_0
2025-06-12 09:11:37,8,5,R_200_250_4855_9999_NA_0
2025-06-12 09:11:37,8,6,R_200_250_4855_9999_NA_0
2025-06-12 09:11:37,8,6,R_200_250_4855_9999_NA_0
2025-06-12 09:11:37,8,6,R_200_250_4855_9999_NA_0
2025-06-12 09:11:37,8,6,R_200_250_4855_9999_NA_0
2025-06-12 09:11:37,8,7,R_200_250_4855_9999_NA_0
2025-06-12 09:11:37,8,7,R_200_250_4855_9999_NA_0
2025-06-12 09:11:37,8,7,R_200_250_4855_9999_NA_0
2025-06-12 09:11:37,8,7,R_200_250_4855_9999_NA_0
2025-06-12 09:11:37,8,8,R_10_1000_4875_9999_NA_0
2025-06-12 09:11:37,8,8,R_10_1000_4875_9999_NA_0
2025-06-12 09:11:37,8,8,R_10_1000_4875_9999_NA_0
2025-06-12 09:11:37,8,8,R_10_1000_4875_9999_NA_0
2025-06-12 10:14:16,9,1,R_130_170_4875_9999_NA_0
2025-06-12 10:14:16,9,1,R_130_170_4875_9999_NA_0
2025-06-12 10:14:16,9,1,R_130_170_4875_9999_NA_0
2025-06-12 10:14:16,9,1,R_130_170_4875_9999_NA_0
2025-06-12 10:14:16,9,2,R_130_170_4875_9999_NA_0
2025-06-12 10:14:16,9,2,R_130_170_4875_9999_NA_0
2025-06-12 10:14:16,9,2,R_130_170_4875_9999_NA_0
2025-06-12 10:14:16,9,2,R_130_170_4875_9999_NA_0
2025-06-12 10:14:16,9,3,R_170_190_0_0_exact_25
2025-06-12 10:14:16,9,3,R_170_190_0_0_exact_25
2025-06-12 10:14:16,9,3,R_170_190_0_0_exact_25
2025-06-12 10:14:16,9,3,R_170_190_0_0_exact_25
2025-06-12 10:14:16,9,4,R_170_190_0_0_exact_25
2025-06-12 10:14:16,9,4,R_170_190_0_0_exact_25
2025-06-12 10:14:16,9,4,R_170_190_0_0_exact_25
2025-06-12 10:14:16,9,4,R_170_190_0_0_exact_25
2025-06-12 10:14:16,9,5,R_190_250_4855_9999_NA_0
2025-06-12 10:14:16,9,5,R_190_250_4855_9999_NA_0
2025-06-12 10:14:16,9,5,R_190_250_4855_9999_NA_0
2025-06-12 10:14:16,9,5,R_190_250_4855_9999_NA_0
2025-06-12 10:14:16,9,6,R_190_250_4855_9999_NA_0
2025-06-12 10:14:16,9,6,R_190_250_4855_9999_NA_0
2025-06-12 10:14:16,9,6,R_190_250_4855_9999_NA_0
2025-06-12 10:14:16,9,6,R_190_250_4855_9999_NA_0
2025-06-12 10:14:16,9,7,R_190_250_4855_9999_NA_0
2025-06-12 10:14:16,9,7,R_190_250_4855_9999_NA_0
2025-06-12 10:14:16,9,7,R_190_250_4855_9999_NA_0
2025-06-12 10:14:16,9,7,R_190_250_4855_9999_NA_0
2025-06-12 10:14:16,9,8,R_10_1000_4875_9999_NA_0
2025-06-12 10:14:16,9,8,R_10_1000_4875_9999_NA_0
2025-06-12 10:14:16,9,8,R_10_1000_4875_9999_NA_0
2025-06-12 10:14:16,9,8,R_10_1000_4875_9999_NA_0
2025-06-12 11:44:56,10,1,R_130_160_0_0_exact_35
2025-06-12 11:44:56,10,1,R_130_160_0_0_exact_35
2025-06-12 11:44:56,10,1,R_130_160_0_0_exact_35
2025-06-12 11:44:56,10,1,R_130_160_0_0_exact_35
2025-06-12 11:44:56,10,2,R_130_160_0_0_exact_35
2025-06-12 11:44:56,10,2,R_130_160_0_0_exact_35
2025-06-12 11:44:56,10,2,R_130_160_0_0_exact_35
2025-06-12 11:44:56,10,2,R_130_160_0_0_exact_35
2025-06-12 11:44:56,10,3,R_160_205_0_0_exact_25
2025-06-12 11:44:56,10,3,R_160_205_0_0_exact_25
2025-06-12 11:44:56,10,3,R_160_205_0_0_exact_25
2025-06-12 11:44:56,10,3,R_160_205_0_0_exact_25
2025-06-12 11:44:56,10,4,R_160_205_0_0_exact_25
2025-06-12 11:44:56,10,4,R_160_205_0_0_exact_25
2025-06-12 11:44:56,10,4,R_160_205_0_0_exact_25
2025-06-12 11:44:56,10,4,R_160_205_0_0_exact_25
2025-06-12 11:44:56,10,5,R_200_250_4855_9999_NA_0
2025-06-12 11:44:56,10,5,R_200_250_4855_9999_NA_0
2025-06-12 11:44:56,10,5,R_200_250_4855_9999_NA_0
2025-06-12 11:44:56,10,5,R_200_250_4855_9999_NA_0
2025-06-12 11:44:56,10,6,R_200_250_4855_9999_NA_0
2025-06-12 11:44:56,10,6,R_200_250_4855_9999_NA_0
2025-06-12 11:44:56,10,6,R_200_250_4855_9999_NA_0
2025-06-12 11:44:56,10,6,R_200_250_4855_9999_NA_0
2025-06-12 11:44:56,10,7,R_200_250_4855_9999_NA_0
2025-06-12 11:44:56,10,7,R_200_250_4855_9999_NA_0
2025-06-12 11:44:56,10,7,R_200_250_4855_9999_NA_0
2025-06-12 11:44:56,10,7,R_200_250_4855_9999_NA_0
2025-06-12 11:44:56,10,8,R_10_1000_4875_9999_NA_0
2025-06-12 11:44:56,10,8,R_10_1000_4875_9999_NA_0
2025-06-12 11:44:56,10,8,R_10_1000_4875_9999_NA_0
2025-06-12 11:44:56,10,8,R_10_1000_4875_9999_NA_0
2025-06-12 14:39:01,11,1,R_130_160_0_0_max_35
2025-06-12 14:39:01,11,1,R_130_160_0_0_max_35
2025-06-12 14:39:01,11,1,R_130_160_0_0_max_35
2025-06-12 14:39:01,11,1,R_130_160_0_0_max_35
2025-06-12 14:39:01,11,2,R_130_160_0_0_max_35
2025-06-12 14:39:01,11,2,R_130_160_0_0_max_35
2025-06-12 14:39:01,11,2,R_130_160_0_0_max_35
2025-06-12 14:39:01,11,2,R_130_160_0_0_max_35
2025-06-12 14:39:01,11,3,R_160_205_0_0_exact_25
2025-06-12 14:39:01,11,3,R_160_205_0_0_exact_25
2025-06-12 14:39:01,11,3,R_160_205_0_0_exact_25
2025-06-12 14:39:01,11,3,R_160_205_0_0_exact_25
2025-06-12 14:39:01,11,4,R_160_205_0_0_exact_25
2025-06-12 14:39:01,11,4,R_160_205_0_0_exact_25
2025-06-12 14:39:01,11,4,R_160_205_0_0_exact_25
2025-06-12 14:39:01,11,4,R_160_205_0_0_exact_25
2025-06-12 14:39:01,11,5,R_200_300_4855_9999_NA_0
2025-06-12 14:39:01,11,5,R_200_300_4855_9999_NA_0
2025-06-12 14:39:01,11,5,R_200_300_4855_9999_NA_0
2025-06-12 14:39:01,11,5,R_200_300_4855_9999_NA_0
2025-06-12 14:39:01,11,6,R_200_300_4855_9999_NA_0
2025-06-12 14:39:01,11,6,R_200_300_4855_9999_NA_0
2025-06-12 14:39:01,11,6,R_200_300_4855_9999_NA_0
2025-06-12 14:39:01,11,6,R_200_300_4855_9999_NA_0
2025-06-12 14:39:01,11,7,R_200_300_4855_9999_NA_0
2025-06-12 14:39:01,11,7,R_200_300_4855_9999_NA_0
2025-06-12 14:39:01,11,7,R_200_300_4855_9999_NA_0
2025-06-12 14:39:01,11,7,R_200_300_4855_9999_NA_0
2025-06-12 14:39:01,11,8,R_10_1000_4875_9999_NA_0
2025-06-12 14:39:01,11,8,R_10_1000_4875_9999_NA_0
2025-06-12 14:39:01,11,8,R_10_1000_4875_9999_NA_0
2025-06-12 14:39:01,11,8,R_10_1000_4875_9999_NA_0
2025-06-13 06:21:57,12,1,R_120_160_4875_9999_NA_0
2025-06-13 06:21:57,12,1,R_120_160_4875_9999_NA_0
2025-06-13 06:21:57,12,1,R_120_160_4875_9999_NA_0
2025-06-13 06:21:57,12,1,R_120_160_4875_9999_NA_0
2025-06-13 06:21:57,12,2,R_120_160_4875_9999_NA_0
2025-06-13 06:21:57,12,2,R_120_160_4875_9999_NA_0
2025-06-13 06:21:57,12,2,R_120_160_4875_9999_NA_0
2025-06-13 06:21:57,12,2,R_120_160_4875_9999_NA_0
2025-06-13 06:21:57,12,3,R_160_195_0_0_exact_25
2025-06-13 06:21:57,12,3,R_160_195_0_0_exact_25
2025-06-13 06:21:57,12,3,R_160_195_0_0_exact_25
2025-06-13 06:21:57,12,3,R_160_195_0_0_exact_25
2025-06-13 06:21:57,12,4,R_160_195_0_0_exact_25
2025-06-13 06:21:57,12,4,R_160_195_0_0_exact_25
2025-06-13 06:21:57,12,4,R_160_195_0_0_exact_25
2025-06-13 06:21:57,12,4,R_160_195_0_0_exact_25
2025-06-13 06:21:57,12,5,R_195_250_4855_9999_NA_0
2025-06-13 06:21:57,12,5,R_195_250_4855_9999_NA_0
2025-06-13 06:21:57,12,5,R_195_250_4855_9999_NA_0
2025-06-13 06:21:57,12,5,R_195_250_4855_9999_NA_0
2025-06-13 06:21:57,12,6,R_195_250_4855_9999_NA_0
2025-06-13 06:21:57,12,6,R_195_250_4855_9999_NA_0
2025-06-13 06:21:57,12,6,R_195_250_4855_9999_NA_0
2025-06-13 06:21:57,12,6,R_195_250_4855_9999_NA_0
2025-06-13 06:21:57,12,7,R_195_250_4855_9999_NA_0
2025-06-13 06:21:57,12,7,R_195_250_4855_9999_NA_0
2025-06-13 06:21:57,12,7,R_195_250_4855_9999_NA_0
2025-06-13 06:21:57,12,7,R_195_250_4855_9999_NA_0
2025-06-13 06:21:57,12,8,R_10_1000_4875_9999_NA_0
2025-06-13 06:21:57,12,8,R_10_1000_4875_9999_NA_0
2025-06-13 06:21:57,12,8,R_10_1000_4875_9999_NA_0
2025-06-13 06:21:57,12,8,R_10_1000_4875_9999_NA_0
2025-06-13 07:04:28,13,1,R_120_160_4875_9999_NA_0
2025-06-13 07:04:28,13,1,R_120_160_4875_9999_NA_0
2025-06-13 07:04:28,13,1,R_120_160_4875_9999_NA_0
2025-06-13 07:04:28,13,1,R_120_160_4875_9999_NA_0
2025-06-13 07:04:28,13,2,R_120_160_4875_9999_NA_0
2025-06-13 07:04:28,13,2,R_120_160_4875_9999_NA_0
2025-06-13 07:04:28,13,2,R_120_160_4875_9999_NA_0
2025-06-13 07:04:28,13,2,R_120_160_4875_9999_NA_0
2025-06-13 07:04:28,13,3,R_160_195_0_0_exact_25
2025-06-13 07:04:28,13,3,R_160_195_0_0_exact_25
2025-06-13 07:04:28,13,3,R_160_195_0_0_exact_25
2025-06-13 07:04:28,13,3,R_160_195_0_0_exact_25
2025-06-13 07:04:28,13,4,R_160_195_0_0_exact_25
2025-06-13 07:04:28,13,4,R_160_195_0_0_exact_25
2025-06-13 07:04:28,13,4,R_160_195_0_0_exact_25
2025-06-13 07:04:28,13,4,R_160_195_0_0_exact_25
2025-06-13 07:04:28,13,5,R_195_250_4855_9999_NA_0
2025-06-13 07:04:28,13,5,R_195_250_4855_9999_NA_0
2025-06-13 07:04:28,13,5,R_195_250_4855_9999_NA_0
2025-06-13 07:04:28,13,5,R_195_250_4855_9999_NA_0
2025-06-13 07:04:28,13,6,R_195_250_4855_9999_NA_0
2025-06-13 07:04:28,13,6,R_195_250_4855_9999_NA_0
2025-06-13 07:04:28,13,6,R_195_250_4855_9999_NA_0
2025-06-13 07:04:28,13,6,R_195_250_4855_9999_NA_0
2025-06-13 07:04:28,13,7,R_195_250_4855_9999_NA_0
2025-06-13 07:04:28,13,7,R_195_250_4855_9999_NA_0
2025-06-13 07:04:28,13,7,R_195_250_4855_9999_NA_0
2025-06-13 07:04:28,13,7,R_195_250_4855_9999_NA_0
2025-06-13 07:04:28,13,8,R_10_1000_4875_9999_NA_0
2025-06-13 07:04:28,13,8,R_10_1000_4875_9999_NA_0
2025-06-13 07:04:28,13,8,R_10_1000_4875_9999_NA_0
2025-06-13 07:04:28,13,8,R_10_1000_4875_9999_NA_0
2025-06-13 07:57:03,14,1,R_120_170_4875_9999_NA_0
2025-06-13 07:57:03,14,1,R_120_170_4875_9999_NA_0
2025-06-13 07:57:03,14,1,R_120_170_4875_9999_NA_0
2025-06-13 07:57:03,14,1,R_120_170_4875_9999_NA_0
2025-06-13 07:57:03,14,2,R_120_170_4875_9999_NA_0
2025-06-13 07:57:03,14,2,R_120_170_4875_9999_NA_0
2025-06-13 07:57:03,14,2,R_120_170_4875_9999_NA_0
2025-06-13 07:57:03,14,2,R_120_170_4875_9999_NA_0
2025-06-13 07:57:03,14,3,R_170_195_0_0_exact_25
2025-06-13 07:57:03,14,3,R_170_195_0_0_exact_25
2025-06-13 07:57:03,14,3,R_170_195_0_0_exact_25
2025-06-13 07:57:03,14,3,R_170_195_0_0_exact_25
2025-06-13 07:57:03,14,4,R_170_195_0_0_exact_25
2025-06-13 07:57:03,14,4,R_170_195_0_0_exact_25
2025-06-13 07:57:03,14,4,R_170_195_0_0_exact_25
2025-06-13 07:57:03,14,4,R_170_195_0_0_exact_25
2025-06-13 07:57:03,14,5,R_195_250_4855_9999_NA_0
2025-06-13 07:57:03,14,5,R_195_250_4855_9999_NA_0
2025-06-13 07:57:03,14,5,R_195_250_4855_9999_NA_0
2025-06-13 07:57:03,14,5,R_195_250_4855_9999_NA_0
2025-06-13 07:57:03,14,6,R_195_250_4855_9999_NA_0
2025-06-13 07:57:03,14,6,R_195_250_4855_9999_NA_0
2025-06-13 07:57:03,14,6,R_195_250_4855_9999_NA_0
2025-06-13 07:57:03,14,6,R_195_250_4855_9999_NA_0
2025-06-13 07:57:03,14,7,R_195_250_4855_9999_NA_0
2025-06-13 07:57:03,14,7,R_195_250_4855_9999_NA_0
2025-06-13 07:57:03,14,7,R_195_250_4855_9999_NA_0
2025-06-13 07:57:03,14,7,R_195_250_4855_9999_NA_0
2025-06-13 07:57:03,14,8,R_10_1000_4875_9999_NA_0
2025-06-13 07:57:03,14,8,R_10_1000_4875_9999_NA_0
2025-06-13 07:57:03,14,8,R_10_1000_4875_9999_NA_0
2025-06-13 07:57:03,14,8,R_10_1000_4875_9999_NA_0
2025-06-13 08:37:52,15,1,R_120_170_0_0_exact_30
2025-06-13 08:37:52,15,1,R_120_170_0_0_exact_30
2025-06-13 08:37:52,15,1,R_120_170_0_0_exact_30
2025-06-13 08:37:52,15,1,R_120_170_0_0_exact_30
2025-06-13 08:37:52,15,2,R_120_170_0_0_exact_30
2025-06-13 08:37:52,15,2,R_120_170_0_0_exact_30
2025-06-13 08:37:52,15,2,R_120_170_0_0_exact_30
2025-06-13 08:37:52,15,2,R_120_170_0_0_exact_30
2025-06-13 08:37:52,15,3,R_170_195_0_0_exact_25
2025-06-13 08:37:52,15,3,R_170_195_0_0_exact_25
2025-06-13 08:37:52,15,3,R_170_195_0_0_exact_25
2025-06-13 08:37:52,15,3,R_170_195_0_0_exact_25
2025-06-13 08:37:52,15,4,R_170_195_0_0_exact_25
2025-06-13 08:37:52,15,4,R_170_195_0_0_exact_25
2025-06-13 08:37:52,15,4,R_170_195_0_0_exact_25
2025-06-13 08:37:52,15,4,R_170_195_0_0_exact_25
2025-06-13 08:37:52,15,5,R_195_250_4855_9999_NA_0
2025-06-13 08:37:52,15,5,R_195_250_4855_9999_NA_0
2025-06-13 08:37:52,15,5,R_195_250_4855_9999_NA_0
2025-06-13 08:37:52,15,5,R_195_250_4855_9999_NA_0
2025-06-13 08:37:52,15,6,R_195_250_4855_9999_NA_0
2025-06-13 08:37:52,15,6,R_195_250_4855_9999_NA_0
2025-06-13 08:37:52,15,6,R_195_250_4855_9999_NA_0
2025-06-13 08:37:52,15,6,R_195_250_4855_9999_NA_0
2025-06-13 08:37:52,15,7,R_195_250_4855_9999_NA_0
2025-06-13 08:37:52,15,7,R_195_250_4855_9999_NA_0
2025-06-13 08:37:52,15,7,R_195_250_4855_9999_NA_0
2025-06-13 08:37:52,15,7,R_195_250_4855_9999_NA_0
2025-06-13 08:37:52,15,8,R_10_1000_4875_9999_NA_0
2025-06-13 08:37:52,15,8,R_10_1000_4875_9999_NA_0
2025-06-13 08:37:52,15,8,R_10_1000_4875_9999_NA_0
2025-06-13 08:37:52,15,8,R_10_1000_4875_9999_NA_0
2025-06-13 11:12:09,16,1,R_190_280_4875_9999_NA_0
2025-06-13 11:12:09,16,1,R_190_280_4875_9999_NA_0
2025-06-13 11:12:09,16,1,R_190_280_4875_9999_NA_0
2025-06-13 11:12:09,16,1,R_190_280_4875_9999_NA_0
2025-06-13 11:12:09,16,2,R_190_280_4875_9999_NA_0
2025-06-13 11:12:09,16,2,R_190_280_4875_9999_NA_0
2025-06-13 11:12:09,16,2,R_190_280_4875_9999_NA_0
2025-06-13 11:12:09,16,2,R_190_280_4875_9999_NA_0
2025-06-13 11:12:09,16,3,R_190_280_4875_9999_NA_0
2025-06-13 11:12:09,16,3,R_190_280_4875_9999_NA_0
2025-06-13 11:12:09,16,3,R_190_280_4875_9999_NA_0
2025-06-13 11:12:09,16,3,R_190_280_4875_9999_NA_0
2025-06-13 11:12:09,16,4,R_280_300_4875_9999_NA_0
2025-06-13 11:12:09,16,4,R_280_300_4875_9999_NA_0
2025-06-13 11:12:09,16,4,R_280_300_4875_9999_NA_0
2025-06-13 11:12:09,16,4,R_280_300_4875_9999_NA_0
2025-06-13 11:12:09,16,5,R_280_300_4875_9999_NA_0
2025-06-13 11:12:09,16,5,R_280_300_4875_9999_NA_0
2025-06-13 11:12:09,16,5,R_280_300_4875_9999_NA_0
2025-06-13 11:12:09,16,5,R_280_300_4875_9999_NA_0
2025-06-13 11:12:09,16,6,R_280_300_4875_9999_NA_0
2025-06-13 11:12:09,16,6,R_280_300_4875_9999_NA_0
2025-06-13 11:12:09,16,6,R_280_300_4875_9999_NA_0
2025-06-13 11:12:09,16,6,R_280_300_4875_9999_NA_0
2025-06-13 11:12:09,16,7,R_10_1000_4855_9999_NA_0
2025-06-13 11:12:09,16,7,R_10_1000_4855_9999_NA_0
2025-06-13 11:12:09,16,7,R_10_1000_4855_9999_NA_0
2025-06-13 11:12:09,16,7,R_10_1000_4855_9999_NA_0
2025-06-13 11:12:09,16,8,R_10_1000_4855_9999_NA_0
2025-06-13 11:12:09,16,8,R_10_1000_4855_9999_NA_0
2025-06-13 11:12:09,16,8,R_10_1000_4855_9999_NA_0
2025-06-13 11:12:09,16,8,R_10_1000_4855_9999_NA_0
2025-06-16 06:52:52,17,1,R_120_170_4875_9999_NA_0
2025-06-16 06:52:52,17,1,R_120_170_4875_9999_NA_0
2025-06-16 06:52:52,17,1,R_120_170_4875_9999_NA_0
2025-06-16 06:52:52,17,1,R_120_170_4875_9999_NA_0
2025-06-16 06:52:52,17,2,R_120_170_4875_9999_NA_0
2025-06-16 06:52:52,17,2,R_120_170_4875_9999_NA_0
2025-06-16 06:52:52,17,2,R_120_170_4875_9999_NA_0
2025-06-16 06:52:52,17,2,R_120_170_4875_9999_NA_0
2025-06-16 06:52:52,17,3,R_160_195_0_0_exact_25
2025-06-16 06:52:52,17,3,R_160_195_0_0_exact_25
2025-06-16 06:52:52,17,3,R_160_195_0_0_exact_25
2025-06-16 06:52:52,17,3,R_160_195_0_0_exact_25
2025-06-16 06:52:52,17,4,R_160_195_0_0_exact_25
2025-06-16 06:52:52,17,4,R_160_195_0_0_exact_25
2025-06-16 06:52:52,17,4,R_160_195_0_0_exact_25
2025-06-16 06:52:52,17,4,R_160_195_0_0_exact_25
2025-06-16 06:52:52,17,5,R_195_260_4875_9999_NA_0
2025-06-16 06:52:52,17,5,R_195_260_4875_9999_NA_0
2025-06-16 06:52:52,17,5,R_195_260_4875_9999_NA_0
2025-06-16 06:52:52,17,5,R_195_260_4875_9999_NA_0
2025-06-16 06:52:52,17,6,R_195_260_4875_9999_NA_0
2025-06-16 06:52:52,17,6,R_195_260_4875_9999_NA_0
2025-06-16 06:52:52,17,6,R_195_260_4875_9999_NA_0
2025-06-16 06:52:52,17,6,R_195_260_4875_9999_NA_0
2025-06-16 06:52:52,17,7,R_195_260_4875_9999_NA_0
2025-06-16 06:52:52,17,7,R_195_260_4875_9999_NA_0
2025-06-16 06:52:52,17,7,R_195_260_4875_9999_NA_0
2025-06-16 06:52:52,17,7,R_195_260_4875_9999_NA_0
2025-06-16 06:52:52,17,8,R_10_1000_4855_9999_NA_0
2025-06-16 06:52:52,17,8,R_10_1000_4855_9999_NA_0
2025-06-16 06:52:52,17,8,R_10_1000_4855_9999_NA_0
2025-06-16 06:52:52,17,8,R_10_1000_4855_9999_NA_0
2025-06-16 07:48:15,18,1,R_120_165_4875_9999_NA_0
2025-06-16 07:48:15,18,1,R_120_165_4875_9999_NA_0
2025-06-16 07:48:15,18,1,R_120_165_4875_9999_NA_0
2025-06-16 07:48:15,18,1,R_120_165_4875_9999_NA_0
2025-06-16 07:48:15,18,2,R_120_165_4875_9999_NA_0
2025-06-16 07:48:15,18,2,R_120_165_4875_9999_NA_0
2025-06-16 07:48:15,18,2,R_120_165_4875_9999_NA_0
2025-06-16 07:48:15,18,2,R_120_165_4875_9999_NA_0
2025-06-16 07:48:15,18,3,R_160_195_0_0_exact_25
2025-06-16 07:48:15,18,3,R_160_195_0_0_exact_25
2025-06-16 07:48:15,18,3,R_160_195_0_0_exact_25
2025-06-16 07:48:15,18,3,R_160_195_0_0_exact_25
2025-06-16 07:48:15,18,4,R_160_195_0_0_exact_25
2025-06-16 07:48:15,18,4,R_160_195_0_0_exact_25
2025-06-16 07:48:15,18,4,R_160_195_0_0_exact_25
2025-06-16 07:48:15,18,4,R_160_195_0_0_exact_25
2025-06-16 07:48:15,18,5,R_195_260_4875_9999_NA_0
2025-06-16 07:48:15,18,5,R_195_260_4875_9999_NA_0
2025-06-16 07:48:15,18,5,R_195_260_4875_9999_NA_0
2025-06-16 07:48:15,18,5,R_195_260_4875_9999_NA_0
2025-06-16 07:48:15,18,6,R_195_260_4875_9999_NA_0
2025-06-16 07:48:15,18,6,R_195_260_4875_9999_NA_0
2025-06-16 07:48:15,18,6,R_195_260_4875_9999_NA_0
2025-06-16 07:48:15,18,6,R_195_260_4875_9999_NA_0
2025-06-16 07:48:15,18,7,R_195_260_4875_9999_NA_0
2025-06-16 07:48:15,18,7,R_195_260_4875_9999_NA_0
2025-06-16 07:48:15,18,7,R_195_260_4875_9999_NA_0
2025-06-16 07:48:15,18,7,R_195_260_4875_9999_NA_0
2025-06-16 07:48:15,18,8,R_10_1000_4855_9999_NA_0
2025-06-16 07:48:15,18,8,R_10_1000_4855_9999_NA_0
2025-06-16 07:48:15,18,8,R_10_1000_4855_9999_NA_0
2025-06-16 07:48:15,18,8,R_10_1000_4855_9999_NA_0
2025-06-16 09:10:21,19,1,R_120_165_4875_9999_NA_0
2025-06-16 09:10:21,19,1,R_120_165_4875_9999_NA_0
2025-06-16 09:10:21,19,1,R_120_165_4875_9999_NA_0
2025-06-16 09:10:21,19,1,R_120_165_4875_9999_NA_0
2025-06-16 09:10:21,19,2,R_120_165_4875_9999_NA_0
2025-06-16 09:10:21,19,2,R_120_165_4875_9999_NA_0
2025-06-16 09:10:21,19,2,R_120_165_4875_9999_NA_0
2025-06-16 09:10:21,19,2,R_120_165_4875_9999_NA_0
2025-06-16 09:10:21,19,3,R_160_195_4875_9999_NA_0
2025-06-16 09:10:21,19,3,R_160_195_4875_9999_NA_0
2025-06-16 09:10:21,19,3,R_160_195_4875_9999_NA_0
2025-06-16 09:10:21,19,3,R_160_195_4875_9999_NA_0
2025-06-16 09:10:21,19,4,R_160_195_4875_9999_NA_0
2025-06-16 09:10:21,19,4,R_160_195_4875_9999_NA_0
2025-06-16 09:10:21,19,4,R_160_195_4875_9999_NA_0
2025-06-16 09:10:21,19,4,R_160_195_4875_9999_NA_0
2025-06-16 09:10:21,19,5,R_195_260_4875_9999_NA_0
2025-06-16 09:10:21,19,5,R_195_260_4875_9999_NA_0
2025-06-16 09:10:21,19,5,R_195_260_4875_9999_NA_0
2025-06-16 09:10:21,19,5,R_195_260_4875_9999_NA_0
2025-06-16 09:10:21,19,6,R_195_260_4875_9999_NA_0
2025-06-16 09:10:21,19,6,R_195_260_4875_9999_NA_0
2025-06-16 09:10:21,19,6,R_195_260_4875_9999_NA_0
2025-06-16 09:10:21,19,6,R_195_260_4875_9999_NA_0
2025-06-16 09:10:21,19,7,R_195_260_4875_9999_NA_0
2025-06-16 09:10:21,19,7,R_195_260_4875_9999_NA_0
2025-06-16 09:10:21,19,7,R_195_260_4875_9999_NA_0
2025-06-16 09:10:21,19,7,R_195_260_4875_9999_NA_0
2025-06-16 09:10:21,19,8,R_10_1000_4855_9999_NA_0
2025-06-16 09:10:21,19,8,R_10_1000_4855_9999_NA_0
2025-06-16 09:10:21,19,8,R_10_1000_4855_9999_NA_0
2025-06-16 09:10:21,19,8,R_10_1000_4855_9999_NA_0
2025-06-16 10:31:43,20,1,R_190_250_4875_9999_NA_0
2025-06-16 10:31:43,20,1,R_190_250_4875_9999_NA_0
2025-06-16 10:31:43,20,1,R_190_250_4875_9999_NA_0
2025-06-16 10:31:43,20,1,R_190_250_4875_9999_NA_0
2025-06-16 10:31:43,20,2,R_190_250_4875_9999_NA_0
2025-06-16 10:31:43,20,2,R_190_250_4875_9999_NA_0
2025-06-16 10:31:43,20,2,R_190_250_4875_9999_NA_0
2025-06-16 10:31:43,20,2,R_190_250_4875_9999_NA_0
2025-06-16 10:31:43,20,3,R_190_250_4875_9999_NA_0
2025-06-16 10:31:43,20,3,R_190_250_4875_9999_NA_0
2025-06-16 10:31:43,20,3,R_190_250_4875_9999_NA_0
2025-06-16 10:31:43,20,3,R_190_250_4875_9999_NA_0
2025-06-16 10:31:43,20,4,R_250_300_4875_9999_NA_0
2025-06-16 10:31:43,20,4,R_250_300_4875_9999_NA_0
2025-06-16 10:31:43,20,4,R_250_300_4875_9999_NA_0
2025-06-16 10:31:43,20,4,R_250_300_4875_9999_NA_0
2025-06-16 10:31:43,20,5,R_250_300_4875_9999_NA_0
2025-06-16 10:31:43,20,5,R_250_300_4875_9999_NA_0
2025-06-16 10:31:43,20,5,R_250_300_4875_9999_NA_0
2025-06-16 10:31:43,20,5,R_250_300_4875_9999_NA_0
2025-06-16 10:31:43,20,6,R_250_300_4875_9999_NA_0
2025-06-16 10:31:43,20,6,R_250_300_4875_9999_NA_0
2025-06-16 10:31:43,20,6,R_250_300_4875_9999_NA_0
2025-06-16 10:31:43,20,6,R_250_300_4875_9999_NA_0
2025-06-16 10:31:43,20,7,R_10_1000_4875_9999_NA_0
2025-06-16 10:31:43,20,7,R_10_1000_4875_9999_NA_0
2025-06-16 10:31:43,20,7,R_10_1000_4875_9999_NA_0
2025-06-16 10:31:43,20,7,R_10_1000_4875_9999_NA_0
2025-06-16 10:31:43,20,8,R_10_1000_4875_9999_NA_0
2025-06-16 10:31:43,20,8,R_10_1000_4875_9999_NA_0
2025-06-16 10:31:43,20,8,R_10_1000_4875_9999_NA_0
2025-06-16 10:31:43,20,8,R_10_1000_4875_9999_NA_0
2025-06-16 15:03:54,21,1,R_190_275_4875_9999_NA_0
2025-06-16 15:03:54,21,1,R_190_275_4875_9999_NA_0
2025-06-16 15:03:54,21,1,R_190_275_4875_9999_NA_0
2025-06-16 15:03:54,21,1,R_190_275_4875_9999_NA_0
2025-06-16 15:03:54,21,2,R_190_275_4875_9999_NA_0
2025-06-16 15:03:54,21,2,R_190_275_4875_9999_NA_0
2025-06-16 15:03:54,21,2,R_190_275_4875_9999_NA_0
2025-06-16 15:03:54,21,2,R_190_275_4875_9999_NA_0
2025-06-16 15:03:54,21,3,R_190_275_4875_9999_NA_0
2025-06-16 15:03:54,21,3,R_190_275_4875_9999_NA_0
2025-06-16 15:03:54,21,3,R_190_275_4875_9999_NA_0
2025-06-16 15:03:54,21,3,R_190_275_4875_9999_NA_0
2025-06-16 15:03:54,21,4,R_250_300_4875_9999_NA_0
2025-06-16 15:03:54,21,4,R_250_300_4875_9999_NA_0
2025-06-16 15:03:54,21,4,R_250_300_4875_9999_NA_0
2025-06-16 15:03:54,21,4,R_250_300_4875_9999_NA_0
2025-06-16 15:03:54,21,5,R_250_300_4875_9999_NA_0
2025-06-16 15:03:54,21,5,R_250_300_4875_9999_NA_0
2025-06-16 15:03:54,21,5,R_250_300_4875_9999_NA_0
2025-06-16 15:03:54,21,5,R_250_300_4875_9999_NA_0
2025-06-16 15:03:54,21,6,R_250_300_4875_9999_NA_0
2025-06-16 15:03:54,21,6,R_250_300_4875_9999_NA_0
2025-06-16 15:03:54,21,6,R_250_300_4875_9999_NA_0
2025-06-16 15:03:54,21,6,R_250_300_4875_9999_NA_0
2025-06-16 15:03:54,21,7,R_10_1000_4875_9999_NA_0
2025-06-16 15:03:54,21,7,R_10_1000_4875_9999_NA_0
2025-06-16 15:03:54,21,7,R_10_1000_4875_9999_NA_0
2025-06-16 15:03:54,21,7,R_10_1000_4875_9999_NA_0
2025-06-16 15:03:54,21,8,R_10_1000_4875_9999_NA_0
2025-06-16 15:03:54,21,8,R_10_1000_4875_9999_NA_0
2025-06-16 15:03:54,21,8,R_10_1000_4875_9999_NA_0
2025-06-16 15:03:54,21,8,R_10_1000_4875_9999_NA_0
2025-06-17 06:01:28,22,1,R_120_170_4875_9999_NA_0
2025-06-17 06:01:28,22,1,R_120_170_4875_9999_NA_0
2025-06-17 06:01:28,22,1,R_120_170_4875_9999_NA_0
2025-06-17 06:01:28,22,1,R_120_170_4875_9999_NA_0
2025-06-17 06:01:28,22,2,R_120_170_4875_9999_NA_0
2025-06-17 06:01:28,22,2,R_120_170_4875_9999_NA_0
2025-06-17 06:01:28,22,2,R_120_170_4875_9999_NA_0
2025-06-17 06:01:28,22,2,R_120_170_4875_9999_NA_0
2025-06-17 06:01:28,22,3,R_170_190_0_0_exact_25
2025-06-17 06:01:28,22,3,R_170_190_0_0_exact_25
2025-06-17 06:01:28,22,3,R_170_190_0_0_exact_25
2025-06-17 06:01:28,22,3,R_170_190_0_0_exact_25
2025-06-17 06:01:28,22,4,R_170_190_0_0_exact_25
2025-06-17 06:01:28,22,4,R_170_190_0_0_exact_25
2025-06-17 06:01:28,22,4,R_170_190_0_0_exact_25
2025-06-17 06:01:28,22,4,R_170_190_0_0_exact_25
2025-06-17 06:01:28,22,5,R_190_250_4875_9999_NA_0
2025-06-17 06:01:28,22,5,R_190_250_4875_9999_NA_0
2025-06-17 06:01:28,22,5,R_190_250_4875_9999_NA_0
2025-06-17 06:01:28,22,5,R_190_250_4875_9999_NA_0
2025-06-17 06:01:28,22,6,R_190_250_4875_9999_NA_0
2025-06-17 06:01:28,22,6,R_190_250_4875_9999_NA_0
2025-06-17 06:01:28,22,6,R_190_250_4875_9999_NA_0
2025-06-17 06:01:28,22,6,R_190_250_4875_9999_NA_0
2025-06-17 06:01:28,22,7,R_190_250_4875_9999_NA_0
2025-06-17 06:01:28,22,7,R_190_250_4875_9999_NA_0
2025-06-17 06:01:28,22,7,R_190_250_4875_9999_NA_0
2025-06-17 06:01:28,22,7,R_190_250_4875_9999_NA_0
2025-06-17 06:01:28,22,8,R_10_1000_4875_9999_NA_0
2025-06-17 06:01:28,22,8,R_10_1000_4875_9999_NA_0
2025-06-17 06:01:28,22,8,R_10_1000_4875_9999_NA_0
2025-06-17 06:01:28,22,8,R_10_1000_4875_9999_NA_0
2025-06-17 07:01:16,23,1,R_120_170_4875_9999_NA_0
2025-06-17 07:01:16,23,1,R_120_170_4875_9999_NA_0
2025-06-17 07:01:16,23,1,R_120_170_4875_9999_NA_0
2025-06-17 07:01:16,23,1,R_120_170_4875_9999_NA_0
2025-06-17 07:01:16,23,2,R_120_170_4875_9999_NA_0
2025-06-17 07:01:16,23,2,R_120_170_4875_9999_NA_0
2025-06-17 07:01:16,23,2,R_120_170_4875_9999_NA_0
2025-06-17 07:01:16,23,2,R_120_170_4875_9999_NA_0
2025-06-17 07:01:16,23,3,R_170_190_4875_9999_NA_0
2025-06-17 07:01:16,23,3,R_170_190_4875_9999_NA_0
2025-06-17 07:01:16,23,3,R_170_190_4875_9999_NA_0
2025-06-17 07:01:16,23,3,R_170_190_4875_9999_NA_0
2025-06-17 07:01:16,23,4,R_170_190_4875_9999_NA_0
2025-06-17 07:01:16,23,4,R_170_190_4875_9999_NA_0
2025-06-17 07:01:16,23,4,R_170_190_4875_9999_NA_0
2025-06-17 07:01:16,23,4,R_170_190_4875_9999_NA_0
2025-06-17 07:01:16,23,5,R_190_250_4875_9999_NA_0
2025-06-17 07:01:16,23,5,R_190_250_4875_9999_NA_0
2025-06-17 07:01:16,23,5,R_190_250_4875_9999_NA_0
2025-06-17 07:01:16,23,5,R_190_250_4875_9999_NA_0
2025-06-17 07:01:16,23,6,R_190_250_4875_9999_NA_0
2025-06-17 07:01:16,23,6,R_190_250_4875_9999_NA_0
2025-06-17 07:01:16,23,6,R_190_250_4875_9999_NA_0
2025-06-17 07:01:16,23,6,R_190_250_4875_9999_NA_0
2025-06-17 07:01:16,23,7,R_190_250_4875_9999_NA_0
2025-06-17 07:01:16,23,7,R_190_250_4875_9999_NA_0
2025-06-17 07:01:16,23,7,R_190_250_4875_9999_NA_0
2025-06-17 07:01:16,23,7,R_190_250_4875_9999_NA_0
2025-06-17 07:01:16,23,8,R_10_1000_4875_9999_NA_0
2025-06-17 07:01:16,23,8,R_10_1000_4875_9999_NA_0
2025-06-17 07:01:16,23,8,R_10_1000_4875_9999_NA_0
2025-06-17 07:01:16,23,8,R_10_1000_4875_9999_NA_0
2025-06-17 07:38:19,24,1,R_120_170_4875_9999_NA_0
2025-06-17 07:38:19,24,1,R_120_170_4875_9999_NA_0
2025-06-17 07:38:19,24,1,R_120_170_4875_9999_NA_0
2025-06-17 07:38:19,24,1,R_120_170_4875_9999_NA_0
2025-06-17 07:38:19,24,2,R_120_170_4875_9999_NA_0
2025-06-17 07:38:19,24,2,R_120_170_4875_9999_NA_0
2025-06-17 07:38:19,24,2,R_120_170_4875_9999_NA_0
2025-06-17 07:38:19,24,2,R_120_170_4875_9999_NA_0
2025-06-17 07:38:19,24,3,R_170_190_0_0_exact_20
2025-06-17 07:38:19,24,3,R_170_190_0_0_exact_20
2025-06-17 07:38:19,24,3,R_170_190_0_0_exact_20
2025-06-17 07:38:19,24,3,R_170_190_0_0_exact_20
2025-06-17 07:38:19,24,4,R_170_190_0_0_exact_20
2025-06-17 07:38:19,24,4,R_170_190_0_0_exact_20
2025-06-17 07:38:19,24,4,R_170_190_0_0_exact_20
2025-06-17 07:38:19,24,4,R_170_190_0_0_exact_20
2025-06-17 07:38:19,24,5,R_190_250_4875_9999_NA_0
2025-06-17 07:38:19,24,5,R_190_250_4875_9999_NA_0
2025-06-17 07:38:19,24,5,R_190_250_4875_9999_NA_0
2025-06-17 07:38:19,24,5,R_190_250_4875_9999_NA_0
2025-06-17 07:38:19,24,6,R_190_250_4875_9999_NA_0
2025-06-17 07:38:19,24,6,R_190_250_4875_9999_NA_0
2025-06-17 07:38:19,24,6,R_190_250_4875_9999_NA_0
2025-06-17 07:38:19,24,6,R_190_250_4875_9999_NA_0
2025-06-17 07:38:19,24,7,R_190_250_4875_9999_NA_0
2025-06-17 07:38:19,24,7,R_190_250_4875_9999_NA_0
2025-06-17 07:38:19,24,7,R_190_250_4875_9999_NA_0
2025-06-17 07:38:19,24,7,R_190_250_4875_9999_NA_0
2025-06-17 07:38:19,24,8,R_10_1000_4875_9999_NA_0
2025-06-17 07:38:19,24,8,R_10_1000_4875_9999_NA_0
2025-06-17 07:38:19,24,8,R_10_1000_4875_9999_NA_0
2025-06-17 07:38:19,24,8,R_10_1000_4875_9999_NA_0
2025-06-17 09:42:38,25,1,R_120_170_4875_9999_NA_0
2025-06-17 09:42:38,25,1,R_120_170_4875_9999_NA_0
2025-06-17 09:42:38,25,1,R_120_170_4875_9999_NA_0
2025-06-17 09:42:38,25,1,R_120_170_4875_9999_NA_0
2025-06-17 09:42:38,25,2,R_120_170_4875_9999_NA_0
2025-06-17 09:42:38,25,2,R_120_170_4875_9999_NA_0
2025-06-17 09:42:38,25,2,R_120_170_4875_9999_NA_0
2025-06-17 09:42:38,25,2,R_120_170_4875_9999_NA_0
2025-06-17 09:42:38,25,3,R_170_190_0_0_exact_25
2025-06-17 09:42:38,25,3,R_170_190_0_0_exact_25
2025-06-17 09:42:38,25,3,R_170_190_0_0_exact_25
2025-06-17 09:42:38,25,3,R_170_190_0_0_exact_25
2025-06-17 09:42:38,25,4,R_170_190_0_0_exact_25
2025-06-17 09:42:38,25,4,R_170_190_0_0_exact_25
2025-06-17 09:42:38,25,4,R_170_190_0_0_exact_25
2025-06-17 09:42:38,25,4,R_170_190_0_0_exact_25
2025-06-17 09:42:38,25,5,R_190_250_4875_9999_NA_0
2025-06-17 09:42:38,25,5,R_190_250_4875_9999_NA_0
2025-06-17 09:42:38,25,5,R_190_250_4875_9999_NA_0
2025-06-17 09:42:38,25,5,R_190_250_4875_9999_NA_0
2025-06-17 09:42:38,25,6,R_190_250_4875_9999_NA_0
2025-06-17 09:42:38,25,6,R_190_250_4875_9999_NA_0
2025-06-17 09:42:38,25,6,R_190_250_4875_9999_NA_0
2025-06-17 09:42:38,25,6,R_190_250_4875_9999_NA_0
2025-06-17 09:42:38,25,7,R_190_250_4875_9999_NA_0
2025-06-17 09:42:38,25,7,R_190_250_4875_9999_NA_0
2025-06-17 09:42:38,25,7,R_190_250_4875_9999_NA_0
2025-06-17 09:42:38,25,7,R_190_250_4875_9999_NA_0
2025-06-17 09:42:38,25,8,R_10_1000_4875_9999_NA_0
2025-06-17 09:42:38,25,8,R_10_1000_4875_9999_NA_0
2025-06-17 09:42:38,25,8,R_10_1000_4875_9999_NA_0
2025-06-17 09:42:38,25,8,R_10_1000_4875_9999_NA_0
2025-06-17 12:41:42,26,1,R_120_170_0_0_exact_30
2025-06-17 12:41:42,26,1,R_120_170_0_0_exact_30
2025-06-17 12:41:42,26,1,R_120_170_0_0_exact_30
2025-06-17 12:41:42,26,1,R_120_170_0_0_exact_30
2025-06-17 12:41:42,26,2,R_120_170_0_0_exact_30
2025-06-17 12:41:42,26,2,R_120_170_0_0_exact_30
2025-06-17 12:41:42,26,2,R_120_170_0_0_exact_30
2025-06-17 12:41:42,26,2,R_120_170_0_0_exact_30
2025-06-17 12:41:42,26,3,R_160_190_4875_9999_NA_0
2025-06-17 12:41:42,26,3,R_160_190_4875_9999_NA_0
2025-06-17 12:41:42,26,3,R_160_190_4875_9999_NA_0
2025-06-17 12:41:42,26,3,R_160_190_4875_9999_NA_0
2025-06-17 12:41:42,26,4,R_160_190_4875_9999_NA_0
2025-06-17 12:41:42,26,4,R_160_190_4875_9999_NA_0
2025-06-17 12:41:42,26,4,R_160_190_4875_9999_NA_0
2025-06-17 12:41:42,26,4,R_160_190_4875_9999_NA_0
2025-06-17 12:41:42,26,5,R_190_250_4875_9999_NA_0
2025-06-17 12:41:42,26,5,R_190_250_4875_9999_NA_0
2025-06-17 12:41:42,26,5,R_190_250_4875_9999_NA_0
2025-06-17 12:41:42,26,5,R_190_250_4875_9999_NA_0
2025-06-17 12:41:42,26,6,R_190_250_4875_9999_NA_0
2025-06-17 12:41:42,26,6,R_190_250_4875_9999_NA_0
2025-06-17 12:41:42,26,6,R_190_250_4875_9999_NA_0
2025-06-17 12:41:42,26,6,R_190_250_4875_9999_NA_0
2025-06-17 12:41:42,26,7,R_190_250_4875_9999_NA_0
2025-06-17 12:41:42,26,7,R_190_250_4875_9999_NA_0
2025-06-17 12:41:42,26,7,R_190_250_4875_9999_NA_0
2025-06-17 12:41:42,26,7,R_190_250_4875_9999_NA_0
2025-06-17 12:41:42,26,8,R_10_1000_4875_9999_NA_0
2025-06-17 12:41:42,26,8,R_10_1000_4875_9999_NA_0
2025-06-17 12:41:42,26,8,R_10_1000_4875_9999_NA_0
2025-06-17 12:41:42,26,8,R_10_1000_4875_9999_NA_0
